,title,comments,author,guilded,num_comments,score,pinned,subreddit,author_flair_text
0,Can anyone identify this disc?,<praw.models.comment_forest.CommentForest object at 0x7f10b770fdd8>,Young47,0,0,1,False,discgolf,
1,New edit finaly put up on YouTube. Trying to get back into filmmaking. Comments and critism welvome,<praw.models.comment_forest.CommentForest object at 0x7f10b76a1c50>,wushuv,0,0,1,False,skateboardfilmmaking,
2,INTERVJU BRATEXI VS LetTheGameeBegin,<praw.models.comment_forest.CommentForest object at 0x7f10b7777b70>,Let_the_game_begin,0,0,1,False,CringeAnarchy,
3,How I am going to die? by Toddler.,<praw.models.comment_forest.CommentForest object at 0x7f10b76a7ef0>,ladychops,0,0,1,False,funny,
4,(woa) Dolby Atoms vs. Surround 7.1,<praw.models.comment_forest.CommentForest object at 0x7f10b7742940>,mista_bomb,0,0,1,False,MistasSubmarine,
5,"Spirits, what's ligma?",<praw.models.comment_forest.CommentForest object at 0x7f10b772ad68>,Just_Call_Me_Vsauce,0,1,2,False,AskOuija,
6,Sam Ovens Consulting Accelerator ads are officially a ridiculous meme,<praw.models.comment_forest.CommentForest object at 0x7f10bd2d2c88>,paulmalandtv,0,0,1,False,consulting,
7,Selling Emblem Unique Briser Spear,<praw.models.comment_forest.CommentForest object at 0x7f10b76b5160>,AlanHT,0,0,1,False,MapleStoryM,
8,Just got this ad.,<praw.models.comment_forest.CommentForest object at 0x7f10b784bf60>,Bacon_s,0,0,1,False,FellowKids,
9,LWIAY Intro on Guitar,<praw.models.comment_forest.CommentForest object at 0x7f10b76fd7b8>,Andrew_Neal,0,0,1,False,PewdiepieSubmissions,
10,"@AFP: In a turn of events that would have French food purists choking, campaigners have mobilised to save a McDonald's in one of Marseille's poorest suburbs https://t.co/iftrz9tu4o",<praw.models.comment_forest.CommentForest object at 0x7f10d3d9ec88>,-en-,0,0,1,False,newsbotbot,
11,[NSFW] 48457,<praw.models.comment_forest.CommentForest object at 0x7f10b7707710>,ANumberOfChunks,0,0,1,False,SexStills,
12,Tekashi69,<praw.models.comment_forest.CommentForest object at 0x7f10bd2d2cf8>,tomdrum6,0,0,1,False,SnapLenses,
13,family has pets and I'm allergic...?,<praw.models.comment_forest.CommentForest object at 0x7f10b76a1ac8>,SheerMagnitude,0,0,1,False,Advice,
14,My favorite Nintendo game XD,<praw.models.comment_forest.CommentForest object at 0x7f10b784b860>,pepe_dafroggo,0,0,1,False,DeepFriedMemes,
15,Rust,<praw.models.comment_forest.CommentForest object at 0x7f10b76a7828>,BoyOfDog,0,0,1,False,xboxone,
16,Rangers set a franchise record for extra base hits with 13 against the Twins,<praw.models.comment_forest.CommentForest object at 0x7f10b7742a20>,Turambar19,0,0,1,False,baseball,
17,"As Air Canada soars, WestJet takes a predictable nosedive",<praw.models.comment_forest.CommentForest object at 0x7f10b76a1128>,MrG,0,0,1,False,canada,Alberta
18,Game Thread: Blue Bombers at Roughriders 3:00 PM ET,<praw.models.comment_forest.CommentForest object at 0x7f10b777d668>,,0,0,1,False,CFLStreams,
19,Can we hit that Nazi in the fucking head,<praw.models.comment_forest.CommentForest object at 0x7f10b7777908>,ChazSplash,0,0,3,False,teenagersnew,"14 M? F? - Edgy on the streets, Sad in the sheets"
20,Cornish death,<praw.models.comment_forest.CommentForest object at 0x7f10b774f048>,MASHMACHINE,0,0,1,False,Bossfight,
21,24/M/EU [PC] - Lf Minecraft Modded friends :),<praw.models.comment_forest.CommentForest object at 0x7f10b775ba20>,Itsupiki_Okami,0,0,1,False,GamerPals,
22,Hundreds escape Libya jail amid clashes,<praw.models.comment_forest.CommentForest object at 0x7f10b7743a20>,hayhen888,0,0,1,False,humanitarian,
23,A few of my favorite stickers I got üî•,<praw.models.comment_forest.CommentForest object at 0x7f10b775bc50>,Walt323,0,0,1,False,Naruto,
24,eats-wdcdzp1pue,<praw.models.comment_forest.CommentForest object at 0x7f10b77479e8>,jillv46,0,0,1,False,ubereatspromocodes,
25,"""Let's go!"" [BanG Dream!]",<praw.models.comment_forest.CommentForest object at 0x7f10b76b5ac8>,FilthyLolicon,0,1,1,False,cutelittlefangs,
26,PS4 refuses to maintain WiFi connection,<praw.models.comment_forest.CommentForest object at 0x7f10bd2d26a0>,DarthStephan4,0,0,1,False,PS4,
27,what are u nostalgic for thread,<praw.models.comment_forest.CommentForest object at 0x7f10b7660e80>,whip-appeal,0,1,3,False,teenagersnew,yung potato üßùüèº‚Äç‚ôÄÔ∏è
28,Add me GOAT#0876,<praw.models.comment_forest.CommentForest object at 0x7f10b7668fd0>,JJJJGOD123,0,0,1,False,BattlelandsRoyale,
29,His strength returns,<praw.models.comment_forest.CommentForest object at 0x7f10b7747b00>,lacymearls,0,0,2,False,lotrmemes,
30,A Note to Freshman Looking for Project Teams,<praw.models.comment_forest.CommentForest object at 0x7f10b76c12e8>,DizzyBus,0,0,1,False,Cornell,COE
31,I decided to Play through 1 since ive never played it!,<praw.models.comment_forest.CommentForest object at 0x7f10b7743a58>,SoulPatent,0,0,1,False,turok,
32,[Serious] What is your goal in life?,<praw.models.comment_forest.CommentForest object at 0x7f10b7777a58>,wutangbell,0,1,1,False,AskReddit,
33,bloom artwork,<praw.models.comment_forest.CommentForest object at 0x7f10b7742c50>,blondgabe,0,0,1,False,troyesivan,
34,TIL an airplane can fly more than 100 miles with a hole in the fuel cell with both turbines off. Such a case actually happened once.,<praw.models.comment_forest.CommentForest object at 0x7f10b774f080>,BasX,0,0,1,False,todayilearned,
35,These snails nestled in old volcanic matter,<praw.models.comment_forest.CommentForest object at 0x7f10b7660a90>,kathwritesthings,0,0,1,False,mildlyinteresting,
36,How bitches react when Good Men dump them for cheating.,<praw.models.comment_forest.CommentForest object at 0x7f10b77479b0>,kevin32,0,0,1,False,WhereAreAllTheGoodMen,Make Nice Guys Great Again!
37,üî• Spiny Oak Slug caterpillar üî•,<praw.models.comment_forest.CommentForest object at 0x7f10b766cfd0>,shutterbuggity,0,0,1,False,NatureIsFuckingLit,
38,[H] Everspace [W] Offers of fair value or just my money back ($9.00),<praw.models.comment_forest.CommentForest object at 0x7f10b76fdcc0>,Elrondel,0,0,1,False,SteamGameSwap,http://steamcommunity.com/profiles/76561198043864211
39,Coral Polyps,<praw.models.comment_forest.CommentForest object at 0x7f10b76c1978>,vaiNe_,0,0,1,False,MarineBiologyGifs,
40,When the playground gets too rough (kids AU - by rin on twitter),<praw.models.comment_forest.CommentForest object at 0x7f10b76e50f0>,ladypocky,0,0,1,False,DetroitBecomeHuman,Compatible Hearts
41,lazy Sunday,<praw.models.comment_forest.CommentForest object at 0x7f10b7669fd0>,bringmemydog,0,0,2,False,aww,
42,Rank YouTube Videos ‚Äì How to Rank Any YouTube videos | SEO,<praw.models.comment_forest.CommentForest object at 0x7f10b766cef0>,Johln,0,0,1,False,YouTubeGamers,
43,How do I find women who don't want to marry but stay with me?,<praw.models.comment_forest.CommentForest object at 0x7f10b76b56a0>,Romek_Buch,0,0,1,False,seduction,
44,"Soc Voltage, testing mistakes, and future testing",<praw.models.comment_forest.CommentForest object at 0x7f10b7668a58>,expiredgoatmeal,0,0,1,False,GAAB350,
45,These ice cubes fit perfectly in this guys water bottle,<praw.models.comment_forest.CommentForest object at 0x7f10b777d400>,bgonez,0,0,0,False,oddlysatisfying,
46,My brother asked me if I wanted his Gameboy the other day and then came to my house with this,<praw.models.comment_forest.CommentForest object at 0x7f10b774f278>,ccooww112233,0,0,1,False,gaming,
47,Actual Quotes from BluePharoh. He‚Äôs a Blatant Rascist and Maniac Believing Minecraft Is Promoting White Supremacy.,<praw.models.comment_forest.CommentForest object at 0x7f10b775b470>,Timmothy_White,0,0,1,False,TheNationState,Chairman of the Liberitarian party
48,This is one of the places Slazo gets his water from,<praw.models.comment_forest.CommentForest object at 0x7f10b774ff60>,bangtanheart,0,0,1,False,Slazo,
49,"Hairstylists of reddit, do you like when customers say ‚Äúdo whatever you think looks good‚Äù?",<praw.models.comment_forest.CommentForest object at 0x7f10b766ffd0>,Marcellus2012,0,0,1,False,AskReddit,
50,Failed to install MSI package.,<praw.models.comment_forest.CommentForest object at 0x7f10b78af320>,muqeshem,0,0,1,False,techsupport,
51,Divine Circe,<praw.models.comment_forest.CommentForest object at 0x7f10b775b2b0>,SoloBrick,0,0,1,False,FGOcomics,
52,It‚Äôs my birthday today,<praw.models.comment_forest.CommentForest object at 0x7f10b775be80>,3thanm00re,0,0,1,False,BirthdayPartyForGary,
53,Daryle Singletary - I Let Her Lie (Cover by Clayton Smalley),<praw.models.comment_forest.CommentForest object at 0x7f10b766fe10>,claysmalleycountry,0,0,1,False,coversongs,
54,Up to 35% off Comfy Moda Footwear (Deal of the day),<praw.models.comment_forest.CommentForest object at 0x7f10b766ff28>,flipzone,0,0,1,False,dapsCA,
55,"When did Assassins Creed ""die""for you?",<praw.models.comment_forest.CommentForest object at 0x7f10b76cc278>,IronGoomba,0,1,1,False,gaming,
56,"[Earth] ""Evolution of a Tornado"" by Jason Weingart - Kansas USA",<praw.models.comment_forest.CommentForest object at 0x7f10b76fd048>,RPBot,0,1,1,False,NoSillySuffix,
57,10 Shopify Templates to Increase Online-Sales,<praw.models.comment_forest.CommentForest object at 0x7f10b7676fd0>,WorldofWordPress,0,0,1,False,WorldofWordPress,
58,Does anybody know where i can find the waiting line for death?,<praw.models.comment_forest.CommentForest object at 0x7f10b7668eb8>,UNKNOWN_002,0,0,2,False,teenagersnew,cute lil' lesbian
59,"$20 Leases, 2 For $30, 3 For $50",<praw.models.comment_forest.CommentForest object at 0x7f10b76cc470>,ZaysaceBeats,0,0,1,False,beats,
60,[BoC] M18/5'10/158lbs BoC? Bf estimate?,<praw.models.comment_forest.CommentForest object at 0x7f10b77424e0>,leonardoman9,0,0,1,False,BulkOrCut,
61,What character would make the show better if played by Danny DeVito?,<praw.models.comment_forest.CommentForest object at 0x7f10b76f4828>,83Dotto,0,0,2,False,AskReddit,
62,I saw Foo Fighters last night and when I compare their show to the ones I‚Äôve seen from blink (favorite band) it makes me a little sad.,<praw.models.comment_forest.CommentForest object at 0x7f10b784bf28>,fremenist,0,0,1,False,Blink182,
63,Neko Level Up Service [H] 4000+ sets [W] 15:1 CS:GO | 16:1 TF2 | 340:1 Gems!,<praw.models.comment_forest.CommentForest object at 0x7f10b76c1be0>,rpubyc,0,0,1,False,SteamTradingCards,https://steamcommunity.com/profiles/76561198082507708
64,"Since reddit is all about pop up cards lately, I thought I‚Äôd post this one I came across today.",<praw.models.comment_forest.CommentForest object at 0x7f10b784b1d0>,Doheenz,0,0,3,False,gifs,
65,VeriBlock on Twitter,<praw.models.comment_forest.CommentForest object at 0x7f10b7676ac8>,titetasyv,0,1,1,False,MyCrypto,
66,Marina Pixel Art,<praw.models.comment_forest.CommentForest object at 0x7f10b76ccc18>,vectorbasedgraphics,0,0,1,False,splatoon,NNID: 
67,Butters about to get bitch slapped by the drug market that made buttcoin famous,<praw.models.comment_forest.CommentForest object at 0x7f10b784bfd0>,,0,0,1,False,Buttcoin,
68,Pewdiepie at his meet and greet,<praw.models.comment_forest.CommentForest object at 0x7f10b766fe80>,Sabrijajebog,0,0,1,False,PewdiepieSubmissions,
69,22f looking for online friends,<praw.models.comment_forest.CommentForest object at 0x7f10b7676dd8>,throwawayta1789,0,0,1,False,MakeNewFriendsHere,
70,What's the cutoff for a youtuber to get a wikipedia article?,<praw.models.comment_forest.CommentForest object at 0x7f10b76ccdd8>,LuigiSauce,0,0,1,False,youtube,
71,Free Kit-Kats at Southern Cross,<praw.models.comment_forest.CommentForest object at 0x7f10b770f320>,renifer_erop,0,0,1,False,melbourne,
72,‚ÄúWhen girls are over‚Äù NO SHIET U R Over,<praw.models.comment_forest.CommentForest object at 0x7f10b76fdba8>,chadbhava,0,0,1,False,Braincels,proud MSTOW
73,Repost for repost?,<praw.models.comment_forest.CommentForest object at 0x7f10b7676f98>,csucsulu,0,0,1,False,SoundCloudHipHop,
74,"Video that has the "" what Japanese people think Americans sound like"" bit?",<praw.models.comment_forest.CommentForest object at 0x7f10b76e5898>,perturbing_panda,0,0,1,False,funhaus,
75,"I just got imgur, so now i can do this more regularly! Let me draw your usernames!",<praw.models.comment_forest.CommentForest object at 0x7f10b7707898>,Davi-Danger,0,0,1,False,ICanDrawThat,
76,Warning! The Rapture is in 2018! Are you Ready?,<praw.models.comment_forest.CommentForest object at 0x7f10b7719198>,Shadomatrix,0,0,1,False,Christianity,Christian (Cross)
77,"""Evolution of a Tornado"" by Jason Weingart - Kansas USA",<praw.models.comment_forest.CommentForest object at 0x7f10b76d6240>,RPBot,0,1,1,False,EarthFans,
78,What is something you should do before you turn 30?,<praw.models.comment_forest.CommentForest object at 0x7f10b767aeb8>,joshgc,0,1,1,False,AskReddit,
79,Oddest spam I've ever received.,<praw.models.comment_forest.CommentForest object at 0x7f10b7675fd0>,Ariafel,0,0,1,False,Scams,
80,What's the difference between blue and green and other closely related colours?,<praw.models.comment_forest.CommentForest object at 0x7f10b76ccf60>,AquaCarrot44,0,0,1,False,NoStupidQuestions,
81,Wolf Whisperer,<praw.models.comment_forest.CommentForest object at 0x7f10b767af98>,Uniden0,0,0,1,False,EcoGlobalSurvival,
82,(Pais/Op) Los relojes en hora,<praw.models.comment_forest.CommentForest object at 0x7f10b784b390>,Mukhasim,0,0,1,False,UMukhasimAutoNews,
83,Things that happened to me at my old house,<praw.models.comment_forest.CommentForest object at 0x7f10b77193c8>,1spiritwolf,0,0,1,False,Paranormal,
84,The Divided Self,<praw.models.comment_forest.CommentForest object at 0x7f10b76d64a8>,Saltygamer9,0,0,1,False,Psychiatry,
85,Any obscure / underated exclusives?,<praw.models.comment_forest.CommentForest object at 0x7f10b76a1390>,sillyV,0,0,1,False,PS4,
86,Never happened to me before,<praw.models.comment_forest.CommentForest object at 0x7f10b7719908>,chingchong69peepee,0,0,2,False,oddlysatisfying,
87,(Pais/Op) Fin del idilio entre Trump y Twitter,<praw.models.comment_forest.CommentForest object at 0x7f10b7675f60>,Mukhasim,0,0,1,False,UMukhasimAutoNews,
88,What are your best third-wheel tips ?,<praw.models.comment_forest.CommentForest object at 0x7f10b7675c50>,Vlad_le,0,1,2,False,AskReddit,
89,[18] [kik] [M4A] [FreeRefill] [Serious/SFW] Looking for anyone for long term story driven roleplay.,<praw.models.comment_forest.CommentForest object at 0x7f10b77470f0>,Roleplay_1234,0,0,1,False,FurryKikPals,
90,Roland S. Martin points out Candace Owens' idiocy.,<praw.models.comment_forest.CommentForest object at 0x7f10b7707dd8>,TheProgressiveReport,0,0,1,False,enoughowensspam,
91,Women are shown for what they truly are on this show,<praw.models.comment_forest.CommentForest object at 0x7f10b76fd4e0>,okki2,0,0,1,False,bachelorinparadise,
92,(Pais/Op) El oportunismo de la verdad,<praw.models.comment_forest.CommentForest object at 0x7f10b770f8d0>,Mukhasim,0,0,1,False,UMukhasimAutoNews,
93,"Hey, Hey, That's It! No One Touches Little Mikey!!!",<praw.models.comment_forest.CommentForest object at 0x7f10b7719390>,ElectricStormtrooper,0,0,1,False,videomemes,
94,(Pais/Op) Animalitos,<praw.models.comment_forest.CommentForest object at 0x7f10b7675b00>,Mukhasim,0,0,1,False,UMukhasimAutoNews,
95,Rick One: A Walking Dead Story (Trailer),<praw.models.comment_forest.CommentForest object at 0x7f10b767dfd0>,H12B1,0,0,1,False,geek,
96,(Pais/Op) Atenci√≥n a Suecia,<praw.models.comment_forest.CommentForest object at 0x7f10b7743f98>,Mukhasim,0,0,1,False,UMukhasimAutoNews,
97,"To those of you who came in crypto through DOGE, how did it happen?",<praw.models.comment_forest.CommentForest object at 0x7f10b76d69b0>,caco3boy,0,0,1,False,CryptoCurrency,10 months old | Karma CC: 311 BTC: 365
98,"[WP] The Galactic Overlord's forces have conquered Earth and subjugated humanity. The Overlord themself has arrived, and being a cultured person decides to watch some iconic human entertainment. Half way through a film they turn to their top scientist and says ""I want you to make me one of those"".",<praw.models.comment_forest.CommentForest object at 0x7f10b76b5048>,Mal5341,0,1,1,False,WritingPrompts,
99,When SIL attacked niece and her BF.,<praw.models.comment_forest.CommentForest object at 0x7f10b7742668>,Aquablab,0,0,1,False,JUSTNOFAMILY,
