,title,comments,author,guilded,num_comments,score,pinned,subreddit,author_flair_text,created_utc
0,What common item has a feature that most people do not know?,<praw.models.comment_forest.CommentForest object at 0x7fcfb2e17c88>,iamasimplechair,0,15121,34094,False,AskReddit,,1535979914.0
1,[Serious] Whats the creepiest/scariest thing that you've seen but no one believes you?,<praw.models.comment_forest.CommentForest object at 0x7fcfb86a0080>,willw60,1,21478,48118,False,AskReddit,,1535947869.0
2,Its not always bad,<praw.models.comment_forest.CommentForest object at 0x7fcfb83a4f60>,dailyfapz,0,112,10220,False,BlackPeopleTwitter,,1535974119.0
3,Doctors are no fun these days,<praw.models.comment_forest.CommentForest object at 0x7fcfb8218cc0>,foreverwasted,0,78,7875,False,WhitePeopleTwitter,,1535993374.0
4,Tongs!,<praw.models.comment_forest.CommentForest object at 0x7fcfb82246a0>,Cyklan,0,141,14355,False,aww,,1535982796.0
5,I'm going on a mission trip starter pack,<praw.models.comment_forest.CommentForest object at 0x7fcfb4f7f198>,LizardBurger,0,504,12031,False,starterpacks,,1535978509.0
6,Houses: Our first picture for which someone offered money to buy a print out of.,<praw.models.comment_forest.CommentForest object at 0x7fcfb7e8e470>,TheeOxygene,0,327,21546,False,pics,,1535995860.0
7,The Meagle Motto,<praw.models.comment_forest.CommentForest object at 0x7fcfb7c7b0b8>,NightTrainDan,0,91,8409,False,PandR,German Muffin Connoisseur,1535979609.0
8,To the woman in the parking lot...,<praw.models.comment_forest.CommentForest object at 0x7fcfb7c21e10>,MinnieMantle,1,372,8331,False,TwoXChromosomes,All Hail Notorious RBG,1535988524.0
9,"Thousands of people demonstrating in Chemnitz, Germany against racism, fascism and homophobia #wirsindmehr",<praw.models.comment_forest.CommentForest object at 0x7fcfb7c1a048>,Narostai,0,1197,5567,False,europe,,1535998881.0
10,TIFU by throwing out 18 pounds of meat in the Texas sun.,<praw.models.comment_forest.CommentForest object at 0x7fcfb7c14e48>,Dankestgoldenfries,0,423,5400,False,tifu,,1535994372.0
11,Entitled jackass tries to put tattoo shop on blast in order to get free work. Owner steps in and brings the murder.,<praw.models.comment_forest.CommentForest object at 0x7fcfb7aef358>,surfstyl12,0,209,11657,False,MurderedByWords,,1535991896.0
12,Did anyone else feel a lot more comfortable when david wallace was in charge?,<praw.models.comment_forest.CommentForest object at 0x7fcfb7f3e4a8>,ben_schwimmer,0,578,27972,False,DunderMifflin,,1535967250.0
13,"If you turn an hourglass on it's side, you get an infinity symbol and time stops ticking",<praw.models.comment_forest.CommentForest object at 0x7fcfb7d27cf8>,ayyydiosmio,0,251,12428,False,Showerthoughts,,1536002544.0
14,"Putin blundered while shouting at Ukraine's president, Hollande says: Russian President Vladimir Putin became so enraged during a shouting match with Ukrainian President Petro Poroshenko that he revealed he was lying about Russia's role in a military uprising in eastern Ukraine.",<praw.models.comment_forest.CommentForest object at 0x7fcfb771acc0>,therecordcorrected,0,3298,72498,False,worldnews,,1535980254.0
15,MIL is petitioning for legal guardianship over my husband and i‚Äôm filing for divorce.,<praw.models.comment_forest.CommentForest object at 0x7fcfb73d85c0>,justneedsomehelp2211,0,55,1306,False,legaladvice,,1535992321.0
16,Teletubbies invented eating ass,<praw.models.comment_forest.CommentForest object at 0x7fcfb73f6080>,foreverwasted,0,401,29762,False,BlackPeopleTwitter,,1535992961.0
17,Two hundred of the world‚Äôs most prominent artists and scientists signed an open letter in French daily Le Monde on Monday calling for urgent political action to address the ‚Äúglobal catastrophe‚Äù facing mankind and other species.,<praw.models.comment_forest.CommentForest object at 0x7fcfb7210780>,Wagamaga,0,389,9725,False,Futurology,,1535993427.0
18,Nike‚Äôs 30th anniversary of the Just Do It campaign,<praw.models.comment_forest.CommentForest object at 0x7fcfb45030b8>,teeseoncoast,0,1144,7286,False,sports,,1536005355.0
19,Fun day at the fair.,<praw.models.comment_forest.CommentForest object at 0x7fcfb6e019b0>,White12YearOldGang,0,140,5976,False,funny,,1535997211.0
20,Meüå°Ô∏èIRL,<praw.models.comment_forest.CommentForest object at 0x7fcfb6cb4048>,baddogg1231,0,143,7652,False,meirl,,1535994757.0
21,"TIL that residents in Surabaya, Indonesia can pay for the bus with plastic waste instead of money. Paying with plastic will grant you with 2 hours of travel. The aim is to reduce plastic waste whilst getting more people to use public transport, thus lowering the number of cars on the road.",<praw.models.comment_forest.CommentForest object at 0x7fcfb4503048>,WSchultz,0,632,65903,False,todayilearned,,1535987529.0
22,France has banned all children under 15 from using their phones in school,<praw.models.comment_forest.CommentForest object at 0x7fcfb4503b00>,Qipeki,0,2073,29887,False,technology,,1535979029.0
23,Surgical precision...,<praw.models.comment_forest.CommentForest object at 0x7fcfb4503da0>,iamkokonutz,0,1724,93479,False,gifs,,1535993914.0
24,"Mom's like to party, too.",<praw.models.comment_forest.CommentForest object at 0x7fcfb670e780>,TrebVidSmash,0,2398,29329,False,trashy,,1535986109.0
25,This baby‚Äôs laugh,<praw.models.comment_forest.CommentForest object at 0x7fcfb6521400>,MetalW0lf,0,297,12012,False,funny,,1535998760.0
26,Act of Animal Cruelty Goes Up in Flames - Literally!,<praw.models.comment_forest.CommentForest object at 0x7fcfb6519390>,Shishi432234,0,101,2402,False,ProRevenge,,1535985294.0
27,This incredibly well timed piece of television,<praw.models.comment_forest.CommentForest object at 0x7fcfb63740b8>,Riddla26,0,513,19548,False,space,,1535987623.0
28,How to exercise with t-rex arms ü¶ñ,<praw.models.comment_forest.CommentForest object at 0x7fcfb6220f60>,kyarotan,0,61,9449,False,disneyvacation,,1535978844.0
29,"Ran over three cones and did't stop when everyone is yelling ""STOP""",<praw.models.comment_forest.CommentForest object at 0x7fcfb4530c88>,PHIL-yes-PLZ,0,596,14820,False,IdiotsInCars,,1535983363.0
30,WCGW if I cut in front of this truck,<praw.models.comment_forest.CommentForest object at 0x7fcfb61bcd68>,shonnyboy,0,596,17062,False,Whatcouldgowrong,,1535988351.0
31,Back to the Prequels,<praw.models.comment_forest.CommentForest object at 0x7fcfb69387b8>,2073521,0,163,19834,False,PrequelMemes,CT-2073521,1535991131.0
32,There's the marine way & then this,<praw.models.comment_forest.CommentForest object at 0x7fcfb45054e0>,amy2kim22,0,440,14998,False,youseeingthisshit,,1535992053.0
33,Worlds fastest gun disarm,<praw.models.comment_forest.CommentForest object at 0x7fcfb7e8e780>,zaczolf,0,1202,32425,False,Damnthatsinteresting,,1535985342.0
34,Thousands of people are affected every year.,<praw.models.comment_forest.CommentForest object at 0x7fcfb5d30748>,Easygrowing,0,124,21913,False,memes,,1535995219.0
35,Finally a progress pic I can get behind,<praw.models.comment_forest.CommentForest object at 0x7fcfb58e9b00>,i_have_no_ygrittes,0,134,13502,False,pics,,1535992969.0
36,"They don't want any horse for free, they want a young, thoroughbred that has been well trained and is perfectly healthy. These kind of horses can range from $2,000-$10,000.",<praw.models.comment_forest.CommentForest object at 0x7fcfb5895eb8>,TheLesbianCarWash,0,326,8110,False,ChoosingBeggars,,1535990209.0
37,"Huh, I wonder why he got fired",<praw.models.comment_forest.CommentForest object at 0x7fcfb57c8d30>,MrHEPennypacker,0,148,6281,False,DiWHY,,1535985515.0
38,The real speed of planes,<praw.models.comment_forest.CommentForest object at 0x7fcfb56c0fd0>,zaczolf,0,1075,44404,False,BeAmazed,,1535986093.0
39,"TIL in 1917, 1,300 miners went on strike in Bisbee, AZ over unsafe working conditions, low pay, and long hours. The mining company hired 2,000 men and loaded the strikers at gunpoint into cattle cars for a 16 hour trip through the desert without food or water and left them in New Mexico.",<praw.models.comment_forest.CommentForest object at 0x7fcfb57041d0>,Lobsterbib,0,396,5401,False,todayilearned,,1535987399.0
40,They noticed there was a blank wall at mcdonald‚Äôs so they decided to make this fake poster of themselves. It‚Äôs now been 51 days since they hung it up.,<praw.models.comment_forest.CommentForest object at 0x7fcfb53fcb70>,Goal1,2,3432,167165,False,pics,,1535988082.0
41,This is the award I got for 10 years at Ubisoft. It‚Äôs heavy as hell.,<praw.models.comment_forest.CommentForest object at 0x7fcfb5d7c3c8>,CaptFishmouth,0,885,36127,False,gaming,,1535992744.0
42,Eminem's reaction when he sees all the young rappers tweeting about how cool it is to be dissed by Eminem.,<praw.models.comment_forest.CommentForest object at 0x7fcfb52cba58>,balleriffic,0,1902,46989,False,reactiongifs,,1535975951.0
43,Look below the surface!,<praw.models.comment_forest.CommentForest object at 0x7fcfb5653f28>,Botatitsbest,0,317,28562,False,woahdude,,1535989777.0
44,I cropped most of the couch from every single frame manually cuz why not ¬Ø\_(„ÉÑ)_/¬Ø,<praw.models.comment_forest.CommentForest object at 0x7fcfb4c3fba8>,YouCalledSatan,1,348,14222,False,IASIP,,1535993464.0
45,"[Art] My dad got me into D&D when I was a kid, but hasn't been able to play in years. So I drew this for him on his birthday, along with an offer to run a game for him for the first time.",<praw.models.comment_forest.CommentForest object at 0x7fcfb4acffd0>,trevorhalligan,2,191,14370,False,DnD,,1535995244.0
46,Brazil‚Äôs oldest and most important historical and scientific museum has been consumed by fire.,<praw.models.comment_forest.CommentForest object at 0x7fcfb4cb5860>,daniel_es,0,1186,30823,False,news,,1535974663.0
47,France has banned all children under 15 from using their phones in school,<praw.models.comment_forest.CommentForest object at 0x7fcfb499d630>,ManiaforBeatles,0,1239,8674,False,worldnews,,1535981973.0
48,I'm glad the victory poses now happen in an actual place,<praw.models.comment_forest.CommentForest object at 0x7fcfb499d780>,EskaBamel,0,121,2712,False,smashbros,mlem,1535982832.0
49,Requiring children to say ‚ÄúThe Pledge of Allegiance‚Äù seems very cult-like once you‚Äôre an adult.,<praw.models.comment_forest.CommentForest object at 0x7fcfb4455dd8>,Unhyped,0,416,2868,False,Showerthoughts,,1536002834.0
50,Ponytail,<praw.models.comment_forest.CommentForest object at 0x7fcfb5068da0>,HungCreations,0,713,17324,False,WatchPeopleDieInside,,1535986183.0
51,You spelled ‚Äúnudes‚Äù wrong,<praw.models.comment_forest.CommentForest object at 0x7fcfb423aa20>,Irvinol,0,62,15121,False,MadeMeSmile,,1535944527.0
52,[Homemade] Chicken Tenders,<praw.models.comment_forest.CommentForest object at 0x7fcfb4159fd0>,baahlina,0,213,28259,False,food,,1535973990.0
53,It‚Äôs about to get extra juicy on my timeline...this guy‚Äôs tagged all the USANA robots from his friends list in this callout,<praw.models.comment_forest.CommentForest object at 0x7fcfb4170f60>,Chikowita,0,142,3786,False,antiMLM,,1535982135.0
54,"A lighthouse in Michigan, before and after major ice storm",<praw.models.comment_forest.CommentForest object at 0x7fcfb4138128>,takingthescenicroute,1,775,41959,False,interestingasfuck,,1535991468.0
55,How did you find out your SO was cheating on you?,<praw.models.comment_forest.CommentForest object at 0x7fcfb4013dd8>,HowAmIHere2000,0,1980,2199,False,AskReddit,,1535970954.0
56,I would faint too,<praw.models.comment_forest.CommentForest object at 0x7fcfb3e43400>,redonehabib,0,42,3894,False,WhitePeopleTwitter,,1535997731.0
57,I‚Äôm nice in person!!,<praw.models.comment_forest.CommentForest object at 0x7fcfb3ffe9b0>,RadicalAnon,0,445,19672,False,niceguys,,1535973954.0
58,To make a pro gun argument,<praw.models.comment_forest.CommentForest object at 0x7fcfb3c00fd0>,ILIKESPAGHETTIYAY,0,705,12262,False,therewasanattempt,,1535984231.0
59,Orangutan meets Steve Irwin and immediately trusts him,<praw.models.comment_forest.CommentForest object at 0x7fcfb3a28c18>,Petaaa,0,527,31509,False,whitepeoplegifs,,1535978616.0
60,"[WP] The horror story where the victims are genre-savvy, and avoid doing things that would clearly lead to their death. Problem is, that the killer is genre-savvy too, and does not play by the usual rules.",<praw.models.comment_forest.CommentForest object at 0x7fcfb423a0f0>,RaptusCZ,0,129,7575,False,WritingPrompts,,1535971073.0
61,My Paintings for Bethesda (the Elder Scrolls Online),<praw.models.comment_forest.CommentForest object at 0x7fcfb3019fd0>,Aronja-Art,0,290,16780,False,gaming,,1535997591.0
62,The moment when Harry takes Draco's wand,<praw.models.comment_forest.CommentForest object at 0x7fcfb313ff60>,AvgPakistani,0,113,1718,False,harrypotter,,1535992376.0
63,"Guy claims to be black, and to have found this in an in laws basement, but his post history says otherwise.",<praw.models.comment_forest.CommentForest object at 0x7fcfb2f32208>,D_B_U,0,359,8644,False,quityourbullshit,,1535993037.0
64,I score it a 20/20,<praw.models.comment_forest.CommentForest object at 0x7fcfb2f7e208>,Ishaan863,0,221,30399,False,BlackPeopleTwitter,,1535988232.0
65,He likes to watch the babies take their bath.,<praw.models.comment_forest.CommentForest object at 0x7fcfb2d75f98>,13deadbunnies,0,59,5081,False,aww,,1535999163.0
66,The trailer... of course,<praw.models.comment_forest.CommentForest object at 0x7fcfb2d67320>,Mortalwombat19,0,106,2992,False,BoJackHorseman,,1535994077.0
67,Die Hard 6‚Äôs Title Is McClane,<praw.models.comment_forest.CommentForest object at 0x7fcfb2c7df28>,TigerSharkFist,0,1700,14594,False,movies,,1535982948.0
68,The view from this restaurant,<praw.models.comment_forest.CommentForest object at 0x7fcfb2c833c8>,WhiteShaneDiesel,0,1064,48953,False,gifs,,1535988326.0
69,Google got bling,<praw.models.comment_forest.CommentForest object at 0x7fcfb2f1a390>,Yngvar_Stormblade,0,233,21636,False,funny,,1535996343.0
70,First time in the river for our new pup,<praw.models.comment_forest.CommentForest object at 0x7fcfb28d00f0>,flanco165,0,147,34176,False,aww,,1535989556.0
71,Taking a selfie with a viper,<praw.models.comment_forest.CommentForest object at 0x7fcfb2842f28>,pp0787,0,175,3036,False,instant_regret,,1535999333.0
72,This ruined my day,<praw.models.comment_forest.CommentForest object at 0x7fcfb27bfeb8>,darth_attila,0,119,6158,False,ComedyCemetery,,1535987658.0
73,I don't care if it's fake,<praw.models.comment_forest.CommentForest object at 0x7fcfb2742128>,OfficialPato,0,90,15403,False,PornhubComments,,1535988365.0
74,Anon gets nuggets,<praw.models.comment_forest.CommentForest object at 0x7fcfb27c68d0>,snuffulufagus,0,203,18406,False,greentext,,1535981500.0
75,Harmonizing With A Fire Alarm.,<praw.models.comment_forest.CommentForest object at 0x7fcfb26eff60>,CollegeBlowJobsRfree,0,216,4228,False,UNBGBBIIVCHIDCTIICBG,,1535999329.0
76,Dave Bautista doubles down on defending James Gunn with Guardians of the Galaxy 3 on The Jonathan Ross Show,<praw.models.comment_forest.CommentForest object at 0x7fcfb2613390>,LoveRage,0,1078,3999,False,videos,,1535985093.0
77,rude hooman won't pat,<praw.models.comment_forest.CommentForest object at 0x7fcfb25fe1d0>,magikarpcatcher,0,867,61148,False,funny,,1535984251.0
78,Great Birthday Gift!,<praw.models.comment_forest.CommentForest object at 0x7fcfb2776c50>,rdbk13,0,122,6950,False,StarWars,,1535984675.0
79,What is something you genuinely do not understand?,<praw.models.comment_forest.CommentForest object at 0x7fcfb87a8748>,FlyfishingThomas,0,4603,3295,False,AskReddit,,1535975379.0
80,"TIL that there are stones called tsunami stones that dot the coastline of Japan. They read, ‚ÄúRemember the calamity of the great tsunamis. Do not build any homes below this point.‚Äú",<praw.models.comment_forest.CommentForest object at 0x7fcfb210be48>,LockwoodE3,0,91,2766,False,todayilearned,,1535990643.0
81,Can you imagine?,<praw.models.comment_forest.CommentForest object at 0x7fcfb2175160>,dickfromaccounting,0,4330,69707,False,WhitePeopleTwitter,,1535974009.0
82,Sirius Schrute,<praw.models.comment_forest.CommentForest object at 0x7fcfb045ee48>,FadingTruth,1,58,10089,False,DunderMifflin,"Also, FYI, ah, I don't technically have a hearing problem",1535990512.0
83,Hitler escaping to south america colorized (1945),<praw.models.comment_forest.CommentForest object at 0x7fcfb87a8a20>,thechiefcantalk,0,216,13742,False,fakehistoryporn,,1535977767.0
84,I mean..,<praw.models.comment_forest.CommentForest object at 0x7fcfb87a89e8>,khodor2012,0,150,18634,False,technicallythetruth,,1535989366.0
85,This perfectly timed TV segment,<praw.models.comment_forest.CommentForest object at 0x7fcfb0201f98>,ScumbagScout,0,78,4838,False,oddlysatisfying,,1535990945.0
86,When you have earned a place in the Good Boi Wall of Fame,<praw.models.comment_forest.CommentForest object at 0x7fcfb02f9fd0>,pp0787,0,172,33910,False,aww,,1535986987.0
87,Stopped talking to a girl and got these texts today,<praw.models.comment_forest.CommentForest object at 0x7fcfb01fa198>,Cole-0,0,221,5415,False,OopsDidntMeanTo,,1535989805.0
88,Another happy crossover,<praw.models.comment_forest.CommentForest object at 0x7fcfb20d7a90>,myhomiesgoodnight,0,167,23085,False,PrequelMemes,,1535977493.0
89,Scandalous,<praw.models.comment_forest.CommentForest object at 0x7fcfb0056eb8>,mudandpeanuts,0,87,5792,False,PoliticalHumor,,1535993248.0
90,How Bill Burr opened a Swedish talk show,<praw.models.comment_forest.CommentForest object at 0x7fcfb0030fd0>,brokenangel16,0,203,4468,False,funny,,1535992164.0
91,"The Ocean Cleanup Is Starting, Aims To Cut Garbage Patch By 90% By 2040",<praw.models.comment_forest.CommentForest object at 0x7fcfb0435908>,noscreenname,0,963,31880,False,worldnews,,1535968609.0
92,Mood [OC],<praw.models.comment_forest.CommentForest object at 0x7fcfafe93b00>,FernandezComics,0,72,10703,False,comics,,1535981425.0
93,This pianist drank a speed potion.,<praw.models.comment_forest.CommentForest object at 0x7fcfafe40710>,nocturne121,0,861,17099,False,videos,,1535980198.0
94,I‚Äôm fucking livid,<praw.models.comment_forest.CommentForest object at 0x7fcfafe67d30>,AliensAreDemons,0,178,3071,False,TalesFromYourServer,,1535978499.0
95,This charity shop put Jeff Goldblum in every single photo frame,<praw.models.comment_forest.CommentForest object at 0x7fcfafb86ba8>,professorhojoz,0,210,16780,False,funny,,1535991551.0
96,Boaty McBoatFace goes for a swim,<praw.models.comment_forest.CommentForest object at 0x7fcfb877c7b8>,FomBBK,0,291,24571,False,reallifedoodles,After Effects Doodler,1535980246.0
97,[TABS] I made balloon arrows that pull targets upwards,<praw.models.comment_forest.CommentForest object at 0x7fcfafa48978>,Wilnyl,0,190,8061,False,GamePhysics,,1535990503.0
98,I went to the zoo and saw a baguette in the cage,<praw.models.comment_forest.CommentForest object at 0x7fcfafaaec88>,thisissean98,0,290,26385,False,Jokes,,1535975719.0
99,Bitch stealing your boyfriend.,<praw.models.comment_forest.CommentForest object at 0x7fcfaf92aef0>,beingjac,0,49,6370,False,aww,,1535991136.0
