,title,comments,author,guilded,num_comments,score,pinned,subreddit,author_flair_text,created_utc,r_id,body
0,Seeking Additional Moderators!,<praw.models.comment_forest.CommentForest object at 0x7fcfb6220630>,wedditmoderator,0,18,17,False,weddingplanning,,1535636125.0,9bjo63,"Hello,

/r/weddingplanning is in need of a few additional moderators. 

If interested, please respond to this post with answers to the following questions. This post will remain up through Friday, September 7th, with our goal being to announce new moderators by mid-month. Thank you.

**Questionnaire:**

How long have you been a part of this community?

What hours of the day are you most active on reddit? (please specify your timezone)

What changes, if any, would you make to the rules/sidebar?

How do you think you could improve the community?

Have you ever been, or are you currently, a moderator of a subreddit? Which ones?

What is your current relationship to the wedding planning community (still planning a wedding, a vendor, a maid of honor, recently married, etc.)?

"
1,"Daily Discussion Chat - September 05, 2018",<praw.models.comment_forest.CommentForest object at 0x7fcfb657cc18>,AutoModerator,0,27,3,False,weddingplanning,,1536109802.0,9d1ltk,"Discuss anything on your mind with your fellow wedditors. Feel free to ask questions or submit topics for discussion here that may not call for an individual thread.

Don't forget to check out the latest weekly [Hashtag thread](https://www.reddit.com/r/weddingplanning/search?q=title%3Ahashtag+author%3Aautomoderator&restrict_sr=on&sort=new&t=week), the latest [Engagement Ring thread](https://www.reddit.com/r/weddingplanning/search?q=title%3Aengagement+sunday+author%3Aautomoderator&restrict_sr=on&sort=new&t=week) and this months [Check In thread](https://www.reddit.com/r/weddingplanning/search?q=title%3Amonth+to+month&restrict_sr=on&sort=new&t=week)""
"
2,We did the thing!üíï 8.18.18,<praw.models.comment_forest.CommentForest object at 0x7fcfb5a02e80>,peachieole,0,57,2259,False,weddingplanning,,1536094184.0,9czl4j,
3,Can't stop staring at our photos!,<praw.models.comment_forest.CommentForest object at 0x7fcfb60aefd0>,Kene92376,0,17,428,False,weddingplanning,,1536109174.0,9d1j0z,
4,Big day soon. What do you think of my dress? VIK DONT LOOK AT THIS,<praw.models.comment_forest.CommentForest object at 0x7fcfb5a006a0>,twoshai,0,9,27,False,weddingplanning,20th September 2018,1536148510.0,9d5s1b,
5,I already shared a picture of me and hubby. But I wanted to share my girls because they were knockouts!,<praw.models.comment_forest.CommentForest object at 0x7fcfb6220550>,Khal_Froyo,0,4,117,False,weddingplanning,,1536110763.0,9d1pzx,
6,I married the love of my life. So glad my bride could rock climb in her dress!,<praw.models.comment_forest.CommentForest object at 0x7fcfb5a288d0>,iamnotsam0428,0,7,181,False,weddingplanning,,1536099619.0,9d0c2g,
7,Glam Shot ‚ú®,<praw.models.comment_forest.CommentForest object at 0x7fcfb60b4400>,ihavediabeetus,0,1,73,False,weddingplanning,"June 22nd, 2018 | Toronto",1536115153.0,9d29ex,
8,10/10 would recommend a pool after party!,<praw.models.comment_forest.CommentForest object at 0x7fcfb625a9e8>,Jajajones11,0,0,38,False,weddingplanning,,1536126800.0,9d3jl6,
9,Yesterday he asked me if I'll be his otter half,<praw.models.comment_forest.CommentForest object at 0x7fcfb60b4fd0>,thecakewasintears,0,14,166,False,weddingplanning,,1536096152.0,9czv79,
10,I decided to use magnolia leaves as place cards and do the hand lettering myself. I‚Äôm really happy with how they turned out!,<praw.models.comment_forest.CommentForest object at 0x7fcfb3631080>,alyssa-marie-,0,16,122,False,weddingplanning,,1536102358.0,9d0oma,
11,"Wedding tip: Always check Craigslist/Facebook marketplace while your wedding planning. I found a $12,000 dress for $1200. Pc: cedricsphotography",<praw.models.comment_forest.CommentForest object at 0x7fcfb60a0c50>,60SecondBoost,0,7,130,False,weddingplanning,,1536100279.0,9d0f4f,
12,[RANT] She may not make it to our wedding.,<praw.models.comment_forest.CommentForest object at 0x7fcfb607d6d8>,th3thirdimpact,0,15,10,False,weddingplanning,,1536151878.0,9d68bl,"Sorry for the petty rant, but writing it down will make me stop being irritated about it. My sister has become obsessed with her kid's sports team, to the point where her entire life now seems to revolve around it. It's great that it makes her happy, but sometimes I feel like she expects everyone else to plan their lives around it, too. We aren't able to go on any vacations as a family anymore because they need to spend every single weekend at tournaments and my parents are expected to be there for all of them as well.

&#x200B;

Last week my fiance and I announced our wedding date. Instead of a congratulations, any excitement, or even a smile, she just goes ""oh, well we may have a tournament that day"". Of course I was bummed, but I understand that this particular tournament is a big one (even though it is for children...). That was, until I find out that this tournament is a week long.... she couldn't miss one day of a sport that she goes to see almost every single week for her only sister's wedding???? Also, this is one that could happen at any point during the summer months - they just won't know until later this year. Sorry, but I'm not going to change the entire season of my wedding for one guest. She kept making us feel guilty about having the wedding next year. My dad clearly got annoyed with her too, and goes ""people plan their weddings around what is convenient for THEM, not for other people"". My fiance snapped at her ""I guess we should have waited an entire extra year on the off chance you guys have a tournament"". But come one, they honestly have something that is ""really important for \*sport\*"" like once a month. 

&#x200B;

She was super cold and standoffish the entire rest of the day. She actually seemed visibly angry with me and avoided all wedding talk between the rest of the family. She previously claimed she had a huge pinterest board made for when we started planning, but now claims ""there aren't that many pins on it"" - which I think she just deleted it or doesn't want to share it. It really seems like she is angry at us for the date we picked!!! I'm hurt by situation and how she made it all about her. I guess I just wish she would have at least tried to act semi-happy for us instead of tried to make me feel bad. Honestly, there wasn't even any reason for her to tell us until they know the official date of the tournament. I mean come on, what are the odds that it would actually be that day anyway?

&#x200B;

I'll probably delete this soon but thanks for letting me vent to you guys and gals. It helped :)"
13,Neither of my parents are invited and I regret nothing,<praw.models.comment_forest.CommentForest object at 0x7fcfb60a6710>,twoshai,0,7,35,False,weddingplanning,20th September 2018,1536125203.0,9d3doi,"Probably going to be a long post, bear with me if you can. 

I experienced one of those ""rough"" childhoods. My mother was 17 when she had me and my father was 32. They were both addicts and my father abused my mother. They split when I was 2 and my father won full custody of me. I was then abused until I was 14, when I ran away and reported the abuse. Unfortunately after investigation it was deemed I was making up the allegations for attention. After living in a youth refuge I was eventually put back into my father's care. I moved out when I was 15, developed my own drug addiction, dropped out of high school and ended up in a relationship pretty reminiscent of my mother and father's from 18-21. 

My father basically brainwashed me against my mother and her side of the family so we weren't particularly close when I was growing up. Not for their lack of trying. My mother ended up developing a schizo affective disorders after losing custody of me and our relationship has always been a bit difficult to navigate. 

When I was 22 I made the decision to finally cut my father out of my life completely. I had broken up with my boyfriend and it acted like a catalyst for me to try to turn everything around. I eventually was diagnosed with chronic melancholic depression, SAD, GAD, PTSD and agoraphobia. I knew our relationship needed to end if I were to have any chance at recovery. 

This meant that I basically lost all my father's side of the family. Nothing overt, we just fell out of touch because he was always around and I didn't want to be near him. My relationship with my mother's side however had improved greatly, but my mum is very sick and one of her delusions is that they aren't her real family, so still a strain there. Haven't seen my mum in 13 years. I'm 27 now.

So anyway, my fiance proposed to me Feb 2017 and our wedding is this month, 20th September. I had a really hard time trying to figure out if I should invite the family, mum and father. I thought I'd use the engagement party as an olive branch and not a single member of my father's side came. He wasn't invited, as I was fairly certain I wasn't going back there. After that, I sent them a group message letting them know I had come to the decision that I wouldn't be extending an invite, that I was hurt that they were standing by my abuser and that..  well I missed them.

Wow did I get abused like nothing else. My inbox blew up with detriment and threats. I now work as a Mental Health Advocate and they contacted my workplace to tell them I was a fraud. I ended up experiencing psychogenic seizures due to the stress. The response as expected but it still hurt so goddamn much. Especially because they said I was hurting them all, but no-one cared that I'd been hurting. These people actually saw the abuse, cleaned me up after, and were now calling me a liar. 

Anyway, it was one of the most horrible things I've ever experienced. BUT. With the wedding two weeks out I am so relieved I bit the bullet. I'll be surrounded only by those that love me. Including one aunt from his side that always stuck by me - and my entire mother's side of the family. I haven't invited mum, she's so sick and I don't think she could handle the stress. It breaks my heart for her, but I've never really had a mum so I'm feeling ok about it. I feel like I'd be too concerned about her staying well throughout the day if she were invited, and she'd likely not be okay with her family there so it's for the best. 

If you're struggling with something similar, just trust me, do what's best for you. It sucks that such a beautiful moment in your life can act as a catalyst for this sort of thing, but believe me, it's worth it. I don't have to worry about dynamics at all, just being with the people I love."
14,Sneak peek from our engagement shoot!,<praw.models.comment_forest.CommentForest object at 0x7fcfb5645cf8>,marshmallownose,0,1,7,False,weddingplanning,,1536153885.0,9d6ibz,
15,Instead of a flower girl we had a bubbles girl! Best decision ever!,<praw.models.comment_forest.CommentForest object at 0x7fcfb589d668>,unibarbcorn,0,9,216,False,weddingplanning,,1536085680.0,9cycrf,
16,We had a rooftop brunch wedding and it was perfect (9/1),<praw.models.comment_forest.CommentForest object at 0x7fcfb7566f60>,mikuooeeoo,0,20,265,False,weddingplanning,9/1/18 ‚ô•Ô∏è WI,1536081563.0,9cxqau,
17,Asking the bridal party to cover wedding expenses...,<praw.models.comment_forest.CommentForest object at 0x7fcfb2373ef0>,SteelCityRunner,0,25,43,False,weddingplanning,weddit flair template,1536114792.0,9d27om,"A few weeks ago, the bride sent an email to the entire bridal party stating that they had secured two houses for the bridal party and their SO's for the wedding weekend, and sent an associated cost per couple. I happily paid assuming that the cost covered the price of the rental. The bride also mentioned that she and the groom would be providing alcohol, snacks, and transportation. Great! Sounds reasonable.

Well, shortly thereafter, we come to find out that the houses were a gift, and provided to the couple free of charge. Which basically means that the bridal party is covering all of the alcohol, snacks, and transportation, and also providing an enormous amount of extra money to the bride and groom. Without our consent or knowledge. 

I am so hurt and upset that after spending so much time and effort and money into hosting an engagement party, bridal shower, and bachelorette party, I'm also now covering expenses that I never agreed to because the free house was kept secret. 

Is this normal? Am I crazy for being furious? What would you do? "
18,We did it!!! September 2nd 2018!,<praw.models.comment_forest.CommentForest object at 0x7fcfb303bfd0>,anaestaaqui,0,7,607,False,weddingplanning, 09.02.18 Southern OH,1536063020.0,9cv0m7,
19,Got engaged!! 4th Sept '18,<praw.models.comment_forest.CommentForest object at 0x7fcfb2364278>,SelinaBane91,0,1,13,False,weddingplanning,,1536135781.0,9d4fgw,
20,Thank you Weddit for this beautiful suggestion on what to do with cards!,<praw.models.comment_forest.CommentForest object at 0x7fcfb2342d68>,kbdrwhosher,0,4,43,False,weddingplanning,11.3.18 MO,1536110110.0,9d1n51,
21,I got my dress! A few alterations needed and to decide belt or no belt but it‚Äôs really mine! 9 months to go.,<praw.models.comment_forest.CommentForest object at 0x7fcfb2368588>,euqinocylgsrm,0,10,8,False,weddingplanning,,1536140294.0,9d4up1,
22,We chose our venue today!!! üòÅ,<praw.models.comment_forest.CommentForest object at 0x7fcfb3076eb8>,Rogue_Hades,0,0,16,False,weddingplanning,,1536129781.0,9d3ujr,
23,What song for my bridesmaids to walk to?,<praw.models.comment_forest.CommentForest object at 0x7fcfb306db00>,magnesiumandstardust,0,7,5,False,weddingplanning,,1536150940.0,9d63ml,"I‚Äôm walking down to A Thousand Years  (original version) and am struggling to find a song for them.
I was thinking something classical with no vocals, but I need a piano based classical so it won‚Äôt clash.
Any suggestions appreciated, thanks!!!"
24,Major issues with venue 1 month out from Oct. 6th wedding! Help! (WV),<praw.models.comment_forest.CommentForest object at 0x7fcfb303bc18>,weliveamidst,0,2,9,False,weddingplanning,,1536139237.0,9d4r7g,"So, as the title suggests, there have been some major problems with our venue. This is going to be long, but I can‚Äôt figure out a way to shorten it and still include all the issues, so I‚Äôm sorry in advance.

First off, we are getting married at a historical hotel that has done many, many weddings in the past. 

A coworker of mine‚Äôs parents owned this hotel for the last 35 years, but sold it last summer to two real estate guys from DC. Let‚Äôs go back to a year and a half ago (that summer), when my fianc√© and I drove the hour away from our home and met with the hotel staff right after they sold it. Literally a week after it got sold. We ended up doing a walk through with both the old owners and the new owners and the new owners told us that 1.) There were going to be many renovations to the hotel to make it look nicer, and the renovations would definitely be done before our wedding; and 2.) that if we signed a contract now, we could get the old owner‚Äôs prices since they were going to eventually increase with all the new changes to the hotel. We did not get his word in writing, and that was our fault, but we did not know any better. 

In the next few days, I decided to go with them and called the inn, and the old owner answered and said if we sent in a deposit check for the reservation of the date, that she would write down that we‚Äôve reserved that day. So, I mailed the $250 check. 

A month after that, we went to the Inn to sign the contract and go over everything. The old owner had fully left and we met up with one of the new owners. We did not sign anything at that time because we had not chosen the food we wanted yet/how many people we were going to have and so they said we could come back after figuring it all out and sign a contract then. 

A month goes by and I get an email from the new event coordinator who we hadn‚Äôt met yet. She said we could figure out the details through email since we live so far away from the Inn. So I told her what all we wanted and things seemed to be working out fine. 

A few months go by, and I email the coordinator about signing a contract and get no response for a week. I also emailed the Inn‚Äôs general email and got no response as well. I work 12 hour nights, so emailing is really my most convenient form of communication. So I called the Inn a few days after getting no response from the general email, and they stated that they had fired the event coordinator and had just recently hired a new one. So we made an appointment to meet with the new coordinator the next week. 

We meet up with her and she tells us that the old coordinator threw away or hid important documents such as confirmed wedding dates, contracts, deposits, etc. So they had no idea what date we reserved nor if we had actually paid the deposit. She said the old coordinator also caused so much financial damage that the renovations were not going to happen. Big red flag,but, knowing that there were very little options for other venues at this point, we still went on with them. We went over all the details we had already told them once before, and paid the first portion of the deposit and reserved our hotel rooms there as well. 

The details weren‚Äôt ironed out completely (appetizers, dinner choices, how the tables and chairs were going to be set up), so we met up with the coordinator a month after that and she wrote down all the things we decided, we paid the entire amount left in full, and everything seemed to be going fine. Keep in mind, we were like 10 months out so neither us nor the Inn were really in a hurry to iron out the very fine details such as alcohol brands. 

Two weeks ago, I emailed the coordinator about which brands we wanted. That was the last thing we had left to decide. She emailed me back stating that she was ‚Äúgoing to email me soon‚Äù to let me know that she no longer works there.  She stated that if we wanted her to work the wedding that she still would, however. We didn‚Äôt get any sort of notification from the hotel about this. This is the 2nd time the Inn has failed to notify us when their coordinators don‚Äôt work there anymore. 

I called the Inn and the new coordinator, who I guess is also the GM, could only meet with us on a day that I worked. So we called this Monday to set an appointment up for Tuesday afternoon and the receptionist said that was fine. Tuesday morning the receptionist calls my mom (she made the appointment) and states that he won‚Äôt be in to work today because of a ‚Äúdoctor‚Äôs appointment‚Äù. When my mom got upset and basically was ripping the receptionist a new asshole (because she is only one there that is able to speak with us!), the receptionist let it out that the only information they had about our wedding was the date and how many people. Not our food choices, alcohol, nothing. 

So, I got a hold of the old coordinator and she said that they hadn‚Äôt contacted her either to get any information from her about the wedding details. And she said she thought that was messed up because the new coordinator has never been an event coordinator and has never done a wedding before in that job. She said she had also heard through the grapevine that they don‚Äôt have a current liquor license and that now they only operate on the weekend (they have a restaurant in the hotel open to the public) instead of every day of the week. If this is true, I‚Äôm worried that not only will we not get to serve alcohol, but if we‚Äôre even going to be able to have a wedding there at all. 

The next day we can meet with them where both my and my mom‚Äôs work schedules meet up are Sept. 15th, just 3 weeks out from the wedding. 

Basically I‚Äôm wanting advice on how to act when I meet up with them, and what I can legally demand (I want the old coordinator to work my wedding, but I don‚Äôt think it‚Äôs right that I would have to pay her personally; she knows what she‚Äôs doing better than the new coordinator and we‚Äôve been with her almost this entire time). Also, should I bring records of emails I‚Äôve had between them since the beginning? I am bringing a copy of the contract we signed with the old coordinator but I don‚Äôt know what else I could bring to make it seem more professional and also like I‚Äôm not afraid to sue them if we don‚Äôt get the things we‚Äôve paid for. I don‚Äôt want to be so rude that they do things during the wedding out of spite, but I want them to treat this with the seriousness it deserves and make it up to us in some way. I don‚Äôt think I‚Äôm asking much to have the old coordinator work my wedding since they‚Äôve messed everything up so far, but I don‚Äôt think I can legally demand that they allow her to do it. All I want is for the wedding to go as smoothly as it can. 

Please help me. "
25,"Having not so much dress regret, but like dress anxiety?",<praw.models.comment_forest.CommentForest object at 0x7fcfb2342e10>,red17199,0,4,6,False,weddingplanning,October 2018 - New England,1536147099.0,9d5ltb,
26,Will never stop admiring this ring,<praw.models.comment_forest.CommentForest object at 0x7fcfb23423c8>,cheflaney,0,2,42,False,weddingplanning,,1536106880.0,9d1923,
27,"My custom engagement ring is finally done! It's definitely a little different, but I'm in love.",<praw.models.comment_forest.CommentForest object at 0x7fcfb565bf28>,testcasebeta,0,9,195,False,weddingplanning,,1536078116.0,9cx5ub,
28,"Hey, weddit! I booked a fairy tale venue, an island in the middle of a turquoise lake between the alps, with a breathtaking view. The downside is that the restaurant doesn't look very... appealing. Any decor suggestions to give it a make over?",<praw.models.comment_forest.CommentForest object at 0x7fcfae8f90f0>,KatvanG,0,7,14,False,weddingplanning,,1536130623.0,9d3xjz,
29,"While on top of the world at DragonCon, my best friend asked my to marry him. I'm so excited to call him my fianc√©!",<praw.models.comment_forest.CommentForest object at 0x7fcfb727cfd0>,nlc89,0,1,13,False,weddingplanning,Engaged 9/1/18,1536128762.0,9d3r1c,
30,"Next to the day we met, Saturday was the best day of my life.",<praw.models.comment_forest.CommentForest object at 0x7fcfb3057908>,ParticularPickle,0,2,114,False,weddingplanning,,1536087042.0,9cyjun,
31,Stunning Catholic Chapel we found for Mexico Wedding!,<praw.models.comment_forest.CommentForest object at 0x7fcfb30574a8>,destinationshd,0,2,29,False,weddingplanning,,1536113101.0,9d203d,
32,I found my dress!,<praw.models.comment_forest.CommentForest object at 0x7fcfb3057940>,notsouth,0,8,76,False,weddingplanning,,1536094591.0,9czn41,
33,Anyone gotten their dress from China on the cheap???,<praw.models.comment_forest.CommentForest object at 0x7fcfb361d748>,hemismum,0,1,4,False,weddingplanning,Tying the knot in OZ  - 23/02/2019,1536151071.0,9d6499,"I purchased my dress when i thought we were going to do a destination wedding. Its light, its easy to transport and its not massive.  Its not something i saw myself in. Not one sparkly thing anywhere üò¢
Now were doing in town i have massive dress regret. 
Firstly i wanted a pale pink or blush dress. I
Thought it would be poofy and sparkly. 
Its none of those. 

Has anyone used one of those cheap
Chinese dress makers. 
Who did you use? Do you recommend them?
What was the quality like??
"
34,"PSA: I got married on Saturday and we had no florals, minimum DYI and threw out a lot of tradition. Was still amazing.",<praw.models.comment_forest.CommentForest object at 0x7fcfb75667f0>,sweetoldetc,0,15,103,False,weddingplanning,1 September 2018 | Berlin,1536086601.0,9cyhlm,"I just wanted to say this because I know there are a lot of brides like me who wondered if they could skip elements like this and still hold a wedding that people enjoy / think was worth attending.

We said from the beginning that the most important thing to us was to throw an awesome party. So we focused our money on making sure people would be fed and plied with drinks, that the music would be great, and that we had a venue that would provide a good setting for a party.

I had no bouquet (and thus no bouquet toss). No flowers anywhere at the ceremony site or in the reception venue. We let his mom handle table decorations, which were pretty simple (but pretty!). We had no guest book, and did almost no DIY (basically just favors and name cards) and let the existing venue decorations dominate the setting. We didn't have any reception games (despite this being something heavily expected by his side of the family, as for them weddings are about the entertainment). 

And the end result was that we had a fucking blast, and so many of our friends and family did, too. The reception went from 6 pm to 2 am and it wasn't dull for a single second. In the days since our wedding on Saturday, my favorite thing has been hearing stories about who everyone talked to and what previously non-existant connections were made between people from different parts of our lives (like my parents finally getting to meet my husband's incredible friend circle or my US-based friends finally getting to meet my German-based friends). Our goal for this wedding was to surround ourselves with the people who loved us and whom we loved back, and give them a night to finally meet each other and socialize with us over food, drinks and music. And we achieved this goal a thousand times over.

I'll post a more thorough recap somewhere down the line, but for now, I just want to let those of you who are feeling similarly to how I was: if you don't want to care about things like flowers or centerpieces or making the perfect guest book, or anything else - you don't have to. I skipped so much, and I don't regret a single thing.

Anyway here's a bonus picture of us with an alpaca we ran into at the zoo where we held our ceremony: http://imgur.com/En8jplx"
35,Can we really make this theme work?,<praw.models.comment_forest.CommentForest object at 0x7fcfb727c940>,BoundenOpportuneness,0,4,4,False,weddingplanning,,1536155482.0,9d6qgr,"Hello, lovely and knowledgeable people of weddit! I‚Äôve posted here a few times before but I‚Äôm back needing more help! 

My fianc√© and I have decided we are going to do something much more low key than we had been planning so we are starting from scratch.

One thing we really want is a good photo shoot of our day but we are having a hard time on settling/panning out a theme. 

We don‚Äôt have a whole of interests in common. We are very different in terms of what we like to do with our free time but one thing we do share is our love of Avatar The Last Airbender. 

We were thinking maybe we could make that our theme but overall it seems either too ComiCon or 
childish but we don‚Äôt really have any other thing that we both really love. Is there a way we could incorporate ATLA as a theme? We are both Caucasian as hell and don‚Äôt think it would be super appropriate to dress in Asian garb (like the style in the show). Anyway, we need help!??! What do we do? "
36,Decision Fatigue is real - and so much has gone into the F*** it Bucket. Share your Lists,<praw.models.comment_forest.CommentForest object at 0x7fcfb72adf98>,Beana001,0,11,4,False,weddingplanning,"Chicago Burbs Sept 29, 2018",1536154743.0,9d6mko,"so we got engaged in February 2017. Our wedding is in 24 days (yay) but i am so over making choices....

FHs Best Man and my MOH are trying to plan an after party (be it in the hotel in a room with BYOB or at a local bar that is open until 2 (the wedding reception ends at midnight).  So they are asking me questions thinking id want to have a say in which route they go... Literally I was just like if you wanna do something great ill make an appearance at the very least, but just plan it because i cannot plan another single thing because i am exhausted.

&#x200B;

Then yesterday, FH tells me that FMIL wants a clear cover for the quilt she made us: some quilt back story: FMIL decides we are having a  chuppah for our secular wedding - we never told her we wanted this.  She then makes us a KING SIZE quilt to use for the chuppah.  FH says thank you we love it (we don't) but that we are not having a chuppah and we already made an arch that we love. There is crying there is not speaking to us, there is all sorts of stuff that i wont get into. So i come up with a plan to use the quilt as a table cloth for our wine ceremony, teh table will be out the entire ceremony but off to the side.  That table will then be used for the guest book after the ceremony so that it is out for people to see all night.  This is a compromise everyone is good with. to protect the quilt i bought a small white water resistant square that only covers the table top, she didnt know about this when she asked for the cover and FH didnt realize it was water resistant and would in fact protect it. I said to him yesterday, that ia m too tired to go on a hunt for this thing and buy yet another thing that she is demanding (its been on going) and that what we have will just have to do and thats that. thankfully he agrees.

&#x200B;

As for fuck it bucket items: we had originally planned to design itineraries and things to do pages for the welcome bags that FMIL insisted she be in charge of. Well I threw it in the bucket because she still hasnt even asked us for ""things to do"" so i dont think she is planning on having anything... and I want it off of my plate (she is not from here and will likely just google stuff - but there is a target  AMC theater, and a shopping mall with 20+ restaurants less than 1/4 mile from the hotel/venue so i feel like people can figure out what stuff to do on their own and the website and their invites all have an itinerary so it is what it is.

&#x200B;

Im tired - anyone else?"
37,"Maui, Hawaii late April - Early May??",<praw.models.comment_forest.CommentForest object at 0x7fcfb72ad668>,yrelav_dnomyar,0,0,3,False,weddingplanning,,1536154301.0,9d6kcq,"Anybody else going to be in Maui end of April, early May 2019?!

Recommendations?

&#x200B;

Thank you!"
38,Found the dress of my little goth dreams! Does anyone have alterations advice?,<praw.models.comment_forest.CommentForest object at 0x7fcfb3053fd0>,Redrrosa,0,6,23,False,weddingplanning,,1536114130.0,9d24u1,
39,Can‚Äôt for the life of me find seamless shapewear to go under this dress. Any suggestions please?,<praw.models.comment_forest.CommentForest object at 0x7fcfb72864a8>,sk8g,0,0,4,False,weddingplanning,,1536147797.0,9d5ovq,
40,"I'm a guy trying to plan a wedding. I found this sub last week, and the only front page posts I get are pictures of dresses and rings. Am I in the wrong sub? Is there a sub for planning a wedding?",<praw.models.comment_forest.CommentForest object at 0x7fcfae8f3be0>,BCB75,0,35,83,False,weddingplanning,,1536088242.0,9cyq7e,
41,Sneak peek from our perfect day! Recap to come after the honeymoon.,<praw.models.comment_forest.CommentForest object at 0x7fcfb361da90>,sdm4242,0,4,131,False,weddingplanning,"09.01.18 in Columbus, OH",1536078484.0,9cx80z,
42,Is asking a third bridesmaid (almost a year after I chose my first two) a good idea?,<praw.models.comment_forest.CommentForest object at 0x7fcfb72b3630>,prettycl0uds,0,2,5,False,weddingplanning,,1536138335.0,9d4o55,"We got engaged last October, and I immediately knew who my bridesmaids would be. I didn‚Äôt do a bridesmaid proposal or anything, I just kind of told them this was the plan and they were both happy with it! 

BM #1 is my oldest friend, we don‚Äôt speak every day and it can be months between meet ups but we both know we are there for each other, and we have got each other through a lot! 

BM#2 is also a long term friend, we speak every day and she is almost more excited than the groom about the wedding! 

Since then though, I‚Äôve become really close with another girl, who‚Äôs the partner of my fianc√©‚Äôs good friend. We speak every day, she‚Äôs been really supportive and helped out with things at home when I‚Äôve been unwell, changed jobs, had to work away. She‚Äôs been to wedding fayre‚Äôs with me, attended family events that BM #1 hasn‚Äôt and just been generally really involved in our lives. 

I would love her to be involved in the wedding, but I have a couple of reservations which may be stupid, which is where you come in! 

First of all, I‚Äôve known her less than a year. If I ask her to be my bridesmaid I‚Äôm unsure if the other two will be upset or feel less important. I‚Äôve mentioned it to both of them and they have been supportive, but I don‚Äôt want either of them to feel pushed out or replaced by the new girl! 

Secondly, she is BM at another two weddings within a few months of ours, and she‚Äôs spoken to me about how stressful it might be! I know that there‚Äôs not much left to organise at my own wedding, so all she would have to do is help pick the pretty dresses, but I don‚Äôt want her to feel pressured into saying yes. 

Am I just over thinking this and ask her? Or do I just let her be involved without actually having her as BM? 

TL;DR I‚Äôm worried asking my new friend to be BM will upset my other two, and cause her extra stress. "
43,Need suggestions for shoes and hair to go with my wedding dress!,<praw.models.comment_forest.CommentForest object at 0x7fcfb7286a20>,cecilyhughs,0,15,22,False,weddingplanning,,1536112789.0,9d1yq7,
44,My wedding is four weeks away. My Mom was just diagnosed with breast cancer and needs to start chemo ASAP. My heart is broken.,<praw.models.comment_forest.CommentForest object at 0x7fcfb27929e8>,tipsyandfierce,0,5,17,False,weddingplanning,,1536117651.0,9d2kta,"I debated posting this to this sub but I feel like other brides-to-be can understand the momentum of the wedding being so close and then receiving such heartbreaking news. I just want my mom to feel like herself, feel beautiful and be able to enjoy the wedding. The doctor said they can try to time the chemo so her hair won‚Äôt be falling out yet and she won‚Äôt feel sick yet but I‚Äôm just so heartbroken that this is happening right now. After all the planning and thought and effort, there is a cloud hanging over me that my mom is not well. She is taking it so well so far but I just don‚Äôt know what to do or how to feel like it‚Äôs going to be okay."
45,Wedding Win - ROBES,<praw.models.comment_forest.CommentForest object at 0x7fcfae8bc9b0>,travelingnomadlady,0,0,2,False,weddingplanning,June 2019 Ohio,1536155735.0,9d6rq5,"You guys I purchased robes off ebay for getting ready. These are exactly as expected and came very quickly!! I would recommend. I got 11 robes for $70!!

https://www.ebay.com/itm/2018-New-Floral-satin-bridesmaid-robes-gowns-bride-bath-robe-wedding-kimono-robe/172924935791?ssPageName=STRK%3AMEBIDX%3AIT&var=471689480055&_trksid=p2060353.m2749.l2649"
46,"First fitting! Long time lurker, 1st time posting. Dress is Allure Bridal style 9502. I‚Äôm getting married October 20th in Detroit, MI at the Belle Isle Boat House to my honey and i can‚Äôt wait üòä",<praw.models.comment_forest.CommentForest object at 0x7fcfb27a0c50>,naba_yo,0,13,113,False,weddingplanning,,1536075699.0,9cwrnk,
47,New to this sub (wish I knew about it earlier!) finishing up alterations and super excited about how my dress turned out!,<praw.models.comment_forest.CommentForest object at 0x7fcfae8f3240>,charleswhatnow1999,0,8,248,False,weddingplanning,,1536060072.0,9cup8x,
48,This flip flops arrangement was harder to do than it seems it would be!! Haha,<praw.models.comment_forest.CommentForest object at 0x7fcfae8bcd68>,mobot123,0,3,11,False,weddingplanning,,1536120337.0,9d2vlo,
49,Got married Sunday and literally felt like a princess with this hair üòç,<praw.models.comment_forest.CommentForest object at 0x7fcfb72b3b38>,soontobien,0,6,199,False,weddingplanning,9.2.18 | Northeast Historic Garden,1536062515.0,9cuyjq,
50,8.11.18 the perfect day! I wish I had an excuse to wear my dress again!,<praw.models.comment_forest.CommentForest object at 0x7fcfb362a208>,Pippopotamus,0,6,63,False,weddingplanning,,1536084558.0,9cy6zr,
51,Disappointed and confused about my bridal shower.,<praw.models.comment_forest.CommentForest object at 0x7fcfb362a2e8>,bridalshowersadness,0,47,73,False,weddingplanning,,1536080473.0,9cxjt5,"throwaway so that I don't taint my main wedding account with this hurt and negativity. I know I might get some flack for this but I have to let it out to someone besides FH and my sister. TL;DR at the bottom.

&#x200B;

For reference we are all late 20's - early/mid 30's aged.

&#x200B;

On Saturday my sister (MOH) threw us a bridal shower. Since neither I nor FH have a ton of female family in the area, we decided to do a co-ed couples shower instead. My sister (and entire family) did an amazing job, everything was so well planned and looked amazing, there was SO much food, it was nice for our families to finally meet our friends and vice versa. I'm so incredibly thankful for everything our families did and have done, we totally felt their support and they were our rock the whole day.

&#x200B;

Our friends, not so much. 

&#x200B;

My sister asked different bridesmaids and groomsmen to bring different things, instead of having everyone chip in monetarily or split the cost of the party. She (IMO) very much undershot what she could have asked people to bring, and instead opted to make it easier on them by having them bring smaller (but still important) items. A card game we all love from one bridesmaid, two bouquets of simple grocery store flowers from another, a case of beer from each of the guys, small amounts of ice. 

&#x200B;

The best man, my FH's best friend in the whole world for almost 10 years, brought a medium-sized (like an 18 pack) case of the absolute cheapest beer you can buy. When we play beer pong we don't even use this beer - I had never drank it before, I never thought it was even on any of our friends' radar. And no we aren't talking Coors or PBR, think Naty Ice or Steele Reserve. He was the first of the groomsmen to arrive so for a while we only had that beer (plus wine and other drinks) for a while, and I was so embarrassed offering those to our other guests as they arrived. 

This happened quite a few times:

""Hey bridalshowersadness, is there beer?""

""Yes! It's in the cooler on the patio!""

""Oh, the \[cheap beer that most of us have never drank before in our lives\]?""  
""Yeah I think that's all there is at the moment, sorry!""

No one said anything about it of course, and I'm thankful that he did help us out by bringing drinks, it's just hard for it not to feel.... passive aggressive? Why now, of all times, bring this worst brand of beer, when he knew that he was going to be meeting some of our family for the first time, he knew this was our once-in-a-lifetime bridal shower not just a random summer potluck, and he had heard how much effort my sis was putting into this? He's brought over larger amounts of better beer for a regular old movie night. He makes good money and has a lot of disposable income so it's not a money issue. And like I said, I wasn't expecting him to bring a keg of the highest percentage craft IPA - even the same amount (although I don't get why you wouldn't bring a 36 pack if you're bringing the cheapest beer....) of Miller Highlife or Budweiser would have been totally fine. 

&#x200B;

There were also TEN no-shows, of people that had been saying how excited they were to go up until a few days before. One friend even messaged me on instagram last Thursday to confirm this was a shower and not just a party. Then he just doesn't show up. So he checked to make sure this is an important life event and not just a Labor Day BBQ, and he still flaked. 

&#x200B;

The worst part, and this is the brattiest part that I feel the worst about being upset over, is that we received three gifts out of almost 30 guests, and one of them was from my mom. Literally none of our bridal party brought a gift or card. I expected a few people to show up without, as a few are more immature for their age, but almost everyone? Numerous of the guests are married, have been married, or have thrown bridal showers themselves. We've given bridal and baby shower gifts for many of them within the past few years. They should have known - they MUST have known? Our registry info was on the invitation, clear as day. We have gifts as low as $3 on our registry. A signed card with no other gift inside would have been great!

&#x200B;

My mom and FMIL really wanted us to open gifts in front of everyone like a traditional shower, and now I'm so, so glad we didn't set time aside from that. That would have been humiliating. 

&#x200B;

I totally understand if you don't believe me, but I swear I am NOT a materialistic person AT ALL. Sure I was excited at the thought of getting new things for our home, but the party itself IS what I was excited for. I actually had an amazing time at the party and wasn't upset at all until after everyone left; my sister told us to open our presents and relax, and there were only three sitting there. Even then I was like ""oh, weird"" and it wasn't until we were driving home that it hit me how little I felt cared for. Sure, the people who love us most showed up for us, celebrated with us, ate and drank. That is nice, it makes my heart happy. But it just feels like we aren't deserving of the same effort and courtesy that other people receive. Like we're more than good enough to plan parties for other people, and give them thoughtful gifts, and be there to listen to all of their problems, and help them move and give them rides. But we aren't good enough to have those people throw us a semi-traditional event before a huge milestone in our lives. 

&#x200B;

These are people we've known for years and years. If it wasn't a BBQ with alcohol, but a more standard ""stuffy"" bridal shower, I wonder if any of them would have even come at all. It's the lack of effort that hurts, not the amount of physical things we can hold. I feel like everyone was excited at the thought of me throwing a party (I used to throw huge, fun themed parties before we moved into a smaller place) and didn't even think about the reason FOR the party.

&#x200B;

Thank you for letting me vent you guys. I really do know that gifts are optional and not a requirement, etc etc etc. I swear I do. I just feel so weird because I can't even vent to my best friends and bridal party about this, so I'm very thankful to have this community. Hopefully you can understand the odd feeling of being so appreciative and so hurt at the same time. It's confusing and shocking and I feel so stupid for even making a registry or for getting so excited for the party. Which then makes me feel terrible cause my sis and family did such a great job. I'll get over this in a few days, but for now it still stings. 

&#x200B;

For the people who were no shows: I'm thinking about calming down a bit more, and then revisiting the wedding guest list in a few weeks. These are people we considered close friends, who all found something better to do this weekend (and no, none of them had emergencies or anything that came up. They posted on instagram while they drank at local restaurants during the shower.) Thoughts?

&#x200B;

TL;DR: We received almost no gifts at our shower and we feel unloved by our guests' lack of effort. Now I'm feeling confused, hurt and embarrassed, and unsure where to go from here.

&#x200B;

&#x200B;"
52,Not at all what I expected to choose!,<praw.models.comment_forest.CommentForest object at 0x7fcfb6b38a58>,timbertins,0,74,1705,False,weddingplanning,,1536017872.0,9cqdqq,
53,Shout out to my FH who made these signs himself for our wedding! üòç,<praw.models.comment_forest.CommentForest object at 0x7fcfb6b1b978>,sophtsocks,0,2,101,False,weddingplanning,,1536072760.0,9cwbl4,
54,When you can‚Äôt walk in heels but want to be tall at your wedding: Nine West Nina üòç (ft. Birkenstocks),<praw.models.comment_forest.CommentForest object at 0x7fcfb6b1ca90>,Yosemitayyy,0,6,19,False,weddingplanning,July 2019 | NorCal,1536106760.0,9d18he,
55,Am I glitching or did this sub remove the downvote button?,<praw.models.comment_forest.CommentForest object at 0x7fcfb361dfd0>,Jinxwinks,0,16,100,False,weddingplanning,Oct 1 2018 - Monterey CA,1536072461.0,9cw9w2,"It‚Äôs not like I love downvoting, but it seems.. odd. "
56,I‚Äôm so glad I found my perfect tea length dress!,<praw.models.comment_forest.CommentForest object at 0x7fcfb67e3908>,CharisAnthos,0,4,55,False,weddingplanning,11/11/18 ,1536084566.0,9cy71i,
57,Order umbrellas just in case-Amazon return policy?,<praw.models.comment_forest.CommentForest object at 0x7fcfae8df358>,beachybride8,0,6,2,False,weddingplanning,"RI, Sept 2018",1536147795.0,9d5ovb,"My wedding is this weekend, and it looks like there is a slight chance of rain. Our ceremony can be moved indoors but we don‚Äôt have a great plan for rainy day photos.

I was thinking of ordering a bunch of those totes clear umbrellas on amazon, just in case of rain so we could get a few outside photos.  We have a large bridal party - 7 bridesmaids, 7 groomsmen, 5 parents.  However, does anyone know amazons return policy? If we don‚Äôt end up using them, could I return $140ish worth of umbrellas? I‚Äôm having trouble finding their return policy and it seems like amazon handles things on a case by case basis.

If I order within the next ten hours I will get them on Friday (for a Sunday wedding) so I‚Äôm getting ready to bite the bullet haha."
58,Thoughts on Having a co-ed hens night?,<praw.models.comment_forest.CommentForest object at 0x7fcfb3710908>,minskoffsupreme,0,11,6,False,weddingplanning,,1536125152.0,9d3dif,"My MOH is planning my hens, but is getting  me to pick the guest list. I am not overally super girly, and don't want the usual wine tasting/flower crown shindig that is usual in my area and I trust my friend to plan something more in line with my personality. Now, I Have guy friends that I am just as close to as my girlfriends, and during my wild days my partying was always co ed. I don't act differently around guys than girls. I also want my younger brother there since he is my only sibling and we are close and live far away from each other. Has anyone done this? Is it weird? I just think I would have more fun this way."
59,"Wedding Tents Do‚Äôs or Don‚Äôts, did you rent a tent for your wedding or are you planning to rent one? What was your experience like?",<praw.models.comment_forest.CommentForest object at 0x7fcfae8e0358>,hermiox,0,2,2,False,weddingplanning,,1536146165.0,9d5hyd,The costs of venues are pretty expensive. I have a huge backyard and I‚Äôm considering renting a tent to fit approx. 120-150 people. 
60,Married 8.18.18 & still dress obsessed,<praw.models.comment_forest.CommentForest object at 0x7fcfb3732748>,bananahammock9,0,4,140,False,weddingplanning,,1536061310.0,9cutwl,
61,No longer a bridesmaid... I'm a bride!,<praw.models.comment_forest.CommentForest object at 0x7fcfb67e39b0>,atom91190,0,1,78,False,weddingplanning,,1536071844.0,9cw6kl,
62,Just engaged and overwhelmed with questions from friends/family about planning!,<praw.models.comment_forest.CommentForest object at 0x7fcfb67d6e48>,ShenziTech94,0,3,5,False,weddingplanning,,1536121772.0,9d311i,"Hi there! This is my first post on Reddit and I was hoping for some advice/confidence about planning my wedding! My boyfriend (25) of 6 years proposed on Saturday and I (24) am already getting overwhelmed with questions from friends and family about dates, venue, how big the ceremony will be, if there will be a separate reception, ect. 
We aren't planning on getting married until 2020, so we have two years to plan, but I feel like we are supposed to know more details already. 
We both like the idea of a small and simple ceremony, just parents, siblings and three or four close friends. We we're thinking of having a large reception the next day for extended family (we have a LOT of family), friends, coworkers and all the plus ones, but I'm feeling a little push back already with the grandparents and extended family who want to be at the actual ceremony... I guess I never thought they would feel left out, this is my first engagement after all! 
I guess my main question would be, to avoid hurting feelings, would it be easier to have a ceremony/reception combo? Or stick to having the two separate? What is most common? Any thoughts and ideas are appreciated! I am very excited and just need direction. "
63,RSVP frustration-couple who broke up right before the wedding.,<praw.models.comment_forest.CommentForest object at 0x7fcfb3732cc0>,Butterflyinthesky23,0,0,1,False,weddingplanning,Nov. 2018,1536156775.0,9d6x9b,"Two friends who have been together many years were invited to my wedding together (of course). Bad News the couple broke up recently but both asked if they were still invited to the wedding.  which of course! then they each asked if they could each bring a different date... but.. unfortunately I literally do not have room for two more people. There are already more people coming than I wanted! (170 vs. my original goal of 150) and honestly I don't want to buy two extra 200$ dinners for strangers just so they can one up each other (plus they will know a ton of people at the wedding). we spoke about it in person and they said they understood but if room opened up let them know if they can each bring dates. 

Each one RSVP'ed yesterday.

 One private messaged me that she was really excited but just asked to sit with one mutual friend in particular (also invited). Absolutely no problem!

The other one managed to change HIS NAME on our online RSVP system into his new (female) roommate's name and RSVP'ed yes for HER. then e-mailed me to say that it was weird he was only able to rsvp for her but obviously he will be coming too so i should fix that in my system. Wait.. What??  I checked my online guest list and he has been completely removed and replaced by this new girl (who i have never met). I have no idea how he was able to just change everything about HIS invite. but he did.

I wrote him back that unfortunately we talked about this- I would add him back onto our list but that his roommate wasn't invited at this time. if I have enough room after all the RSVP's come in, i'll let him know and he can add her as his plus one then, but as of now it doesn't look like he will be able to have a date as we previously discussed. Venue limits + cost its just not realistic for us. he basically said fine if she's not coming, i'm not coming.

Which. okay... don't come? but i'm really annoyed by the whole scenario. seriously the balls on him to see there is no plus one (as we discussed IN PERSON) so to just edit his roommate onto the list in place of him and email me that there is a mistake and hes not on the list anymore.. like come on. sneaky way of trying to make sure you get a date. And I'm the bad guy?

I'm justified in being annoyed right? anyone else have to deal with a breakup on their guest list?


"
64,No longer just a lurker!! Engaged on 08/31 üòÅüíç‚ù§Ô∏è,<praw.models.comment_forest.CommentForest object at 0x7fcfb3710898>,elyseonlife3,0,8,136,False,weddingplanning,,1536059340.0,9cumld,
65,Need Advice! What hairpiece to match my dress,<praw.models.comment_forest.CommentForest object at 0x7fcfb67dbef0>,unknownneedhelp22,0,0,1,False,weddingplanning,,1536154715.0,9d6mfz,
66,I debated for a while but kept coming back to this dress. On Friday I pulled the trigger and said YES to this beautiful BHLDN dress!,<praw.models.comment_forest.CommentForest object at 0x7fcfb3710550>,forensikat,0,18,45,False,weddingplanning,"6.29.19 ‚ô• Boston, MA",1536078829.0,9cxa27,
67,I am so damn short and not looking forward to go dress shopping.,<praw.models.comment_forest.CommentForest object at 0x7fcfb753c320>,marichipini,0,23,20,False,weddingplanning,,1536095101.0,9czptc,"I am 151cm (4‚Ä≤ 11"") and 26 years old. I am frequently told that I look ""young"" (as in I look like a high schooler...) even though I try so hard to look older, or at least my age.. My height has been commented on my whole life by pretty much everyone. Anyways, I am planning on going shopping for my wedding dress this month and I am dreading it so so much. I just feel like everything will look horrible on me. Just big and long. It makes me so insecure. And I get angry at myself for having these thoughts because dress shopping is supposed to be fun and you know... I hate that I still feel insecure about my height. I feel like I should just accept myself. My MoH told me that the dress I pick will be tailored to me, so it will look amazing and that I shouldn't worry. Well, I will always look short next to anyone else so... I am sorry guys, I'm just frustrated that I feel this way. Anyone else scared of trying on dresses for the first time?"
68,Need help with wedding hashtag! [Reward],<praw.models.comment_forest.CommentForest object at 0x7fcfb67e34e0>,phrenetiKz,0,4,3,False,weddingplanning,,1536153117.0,9d6en5,"$10 PP or Amazon GC to the first one to suggest a good hashtag that we end up using!

My last name is Rumery and my fiance's(bride) last name is Watson. We're getting married Feb 9th 2019.

I was originally thinking something involving rum would be good since we both like rum but who knows

We've been thinking about this for weeks and can't think of anything clever so hopefully someone here has a good idea...thanks for your help and if the reward is not allowed I'll edit that out thanks!"
69,Guest Perspective: Casino,<praw.models.comment_forest.CommentForest object at 0x7fcfb36dd710>,ELA7thgrade,0,9,28,False,weddingplanning,,1536086751.0,9cyic5,"This might be a little confusing, but the background information impacted my guest experience. I had met the bride once at a party, never met the groom. My FH went to high school with both, and was good friends with the bride for years. So when she messaged me asking for our address, I was really excited! A few weeks pass and we recieved a STD addressed only to our roomates, A & D, who are also friends with the bride (neither have met the groom either). So we were confused, as the bride specifically reached out to me for our address. We waited for the invited to see what the final decision was. Our roommates again recieved formal invites, and we did not get anything. Three weeks later we get an invite for ""drinks and dancing"" after the reception. So our feelings were hurt because we understood we were the B list. I understand that the bride was in a hard position because we have roommates she wanted to invite too. But I think it would have been more appropriate to reach out to the other couple instead of me for the address. In the end, with bride approval, I went with my roommate A to the ceremony & reception, and my FH and D joined us after for drinks and dancing (they had a prior commiment). 

&#x200B;

Overall, it was a cute wedding. The couple looked very happy, their love was obvious! So more of a breakdown: 

**Ceremony:**

* It was at a casino, so we had to drive a bit to find a parking spot. We also weren't sure what door would be the best to enter so we just guessed and then followed signs once we were inside. 
* Once we found the correct event room, we had no idea what to do. Bridal part were walking in and out, some people were sitting inside, some outside the room. We decided to go get a drink to kill time. Once we got back we talked with a few other friends outside the room. There was a miscommunication as to if drinks were allowed in or not. We were told to finish ours before entering. Yet once we went in, about half the people in there had drinks. Very confusing. 
* The room was a standard event center room. They put up curtains behind them in their bridal colors and some string lights. 
* Chairs were comfortable and spaced well. Didn't feel cramped or too close to the person next to me. 
* The music didn't have the fade out, so noticeable silence as we waited and during the processional. 
* Ceremony was sweet. A lot of puns/metaphors which the couple seemed to enjoy. They had a sand unity ceremony. The vows were the repeat after me, but sounded like they still incorperated their own ideas into. It didn't sound like ones I've heard before. 
* Recieving line was right at the end of the aisle. Ushers dismissed by rows. It look a while because it was a large wedding. Bride told us later that 240 invited. 

**Reception:** 

* After the recieving line, we were ushered into the connected room where the reception was. 
* We didn't know if, or how long, the cocktail hour was. There was no seating chart/table assignments. No signs for what was available at the bar, or cost. Literally no signs. Please have something, as 240 is a large group of people who need directions. Maybe a smaller wedding could have done without. Or have someone announce information. 
* Buffet dinner was good, normal spread of chicken, prime rib, potatoes, salad, and bread rolls. The prime rib had a sauce next to it that didn't have a sign, people were guessing if it was anything from gravy to pudding. Turns out it was a horseraddish sauce. Please have a sign. 
   * Another hiccup - the person responsible for releasing tables for the buffet was late. And then she released us in a strange order. Our table was skipped/missed. We flagged down another worker and he said we should just get in line. Half of our table did, half stayed. The other half tired to join the line a few minutes later and the table-release woman yelled at them to sit back down until released. Once she was far enough away (on the other side of the dance floor) they got up and got in line. We felt bad but every table within 3 rows already had food. We were starving and buzzed. 
* Speeches were lovely, heartfelt, and hilarious. MOH and best man were only bridal party members who gave speeches. MOG and FOB gave quick 30 second thank you speeches. 
* Dances were next - a little delay as the bridal party scattered after speeches. Took a few mins to round them all up again. Dances were cute, the couple sang the song to each other. They laughed and it was very sweet! Father/daughter dance was to the impeial march, it was so cool! 
* They did the dollar dance and then opened up the dance floor for everyone. 
* They did the garter belt, bouquet toss, and something I had never seen before: a literal ball and chain attached to the groom and they auctioned off the key. I don't know if that is a thing, I've never seen it. Maybe a family tradition? 

**Overall:** The wedding was sweet, and you could really tell how excited the bride and groom were to marry each other. My biggest issue was the lack of communication - we didn't know what, where, when anything was. "
70,VENUE HELP,<praw.models.comment_forest.CommentForest object at 0x7fcfb67e3080>,AngelyGabriela,0,4,6,False,weddingplanning,,1536115731.0,9d2bx3,"I just want a private secluded field where my guests can stay the night and we can have a fire pit and late music for under $3000 in British Columbia. Is that too much to ask? 

Most places I‚Äôve noticed and liked charge 6000+

Would love some input! Thank you! "
71,Would your husband change his last name?,<praw.models.comment_forest.CommentForest object at 0x7fcfb36f0278>,bayslay,0,65,13,False,weddingplanning,,1536102010.0,9d0my7,"After seeing a lot of name change posts here, I am curious. I've seen a few posts about men changing their last names, or both people changing their last names, but for heterosexual couples the majority of the time (both on Reddit and in real life) it's still just the woman changing her name after getting married.

Has/did your boyfriend/fiance/husband consider changing his last name? Did he end up doing it, or did he just consider it and ultimately decide not to? Whether it's taking your last name, hyphenating, or combining or making a new last name for for the two of you. Or was he completely opposed to changing his name at all? 

And while it seems like the majority of this sub is female, if any males here want to contribute their reasons for changing or not changing their names, feel free to.

"
72,Invites mailed on time!,<praw.models.comment_forest.CommentForest object at 0x7fcfae8d6630>,Babblingsquirrel,0,0,27,False,weddingplanning,"11.3.18 | Blanco, TX",1536085854.0,9cydoc,
73,Has anyone ever had to ask a bridesmaid to step down?,<praw.models.comment_forest.CommentForest object at 0x7fcfae96a3c8>,agoodnightssleep,0,6,7,False,weddingplanning,,1536111582.0,9d1tk9,"I think I may have to ask one of my bridesmaids to step down, but I‚Äôm not sure how to bring it up. It seems like it‚Äôll be the most awkward situation. 

A little back story...this person has been one of my really good friends for the last 10 years, but unfortunately has struggled with alcoholism the last few years. She‚Äôs done multiple trips to rehabs and continues to relapse. When I asked her to be a bridesmaid, she had recently gotten out of rehab and actually seemed like she was going to be sober this time around and actually wanted to be. 

Fast forward 3 months later and I set up my first dress appointment. She said she was going to come to the appointment, but never shows up. I text her afterwards and she claims she forgot she had to pick up a family member at the airport. I thought this was a little weird that she wouldn‚Äôt have just texted me that she couldn‚Äôt make it anymore, but I overlooked it. 

Two weeks later, I schedule 2 more dress appointments on the same day. She was supposedly coming to both, but I didn‚Äôt expect much. She texted me right before the first one saying she had a surprise birthday lunch, but would be at the second one. She shows up late to the second appointment and is hammered. Hair and makeup all disheveled, she immediately starts crying to another bridesmaid that her and her boyfriend broke up. Then for the whole appointment, she sat in the corner and didn‚Äôt say a word. When we go to leave, I go up to her car and it wreaks of alcohol. I can‚Äôt even believe she drove that far in that condition. She can barely even talk to say bye. 

Now I‚Äôm at the point where I don‚Äôt know if it‚Äôs a good idea for her to be a bridesmaid. But how do you ask someone to step down without ruining a friendship? I brought up her being drunk at the appointment and she swore to me it was a one time relapse and she thought she could have a drink for her birthday. I don‚Äôt honestly believe this because I know how addicts lie. 

I‚Äôm just looking for any advice or if anyone else has had to do this before. Thanks in advance!

TL;DR - one of my bridesmaids is a struggling alcoholic and I think I need to ask her to step down, but don‚Äôt know how. "
74,Tiny bit of jealousy over other couples...,<praw.models.comment_forest.CommentForest object at 0x7fcfb37039b0>,pretend_adulting,0,14,35,False,weddingplanning,,1536080711.0,9cxlb6,"I never ever ever ever would have expected to feel this way. My brother got married recently and I was sooooo happy for him. I'm getting married soon and it's honestly been really fun getting to know his fiance better and being able to bounce ideas off someone. She's wonderful :) So, this isn't about that.

They are the type of couple that are attached at the hip, always together, always having fun. The hashtag was created for them. My fiance and I are are much more independent. We trust and support each other 100% and we give each other a lot of freedom when it comes to event obligations. (You don't want to go to my cousins party? that's cool, I don't really want to go to your uncles housewarming.)

Anyway, my brother and his fiance just looked SO IN LOVE. Also because they are always together the families are super close. My parents and her parents have become friends. It's just so nice. And you could just feel it in the room. And the wedding was PERFECT.

I just felt myself getting kinda jealous. And a little freaked out that I'm not going to be able to help comparing their wedding to ours. Just need some reassurance on the day of none of this will matter :)"
75,Prop-less photo booth: yay or nay?,<praw.models.comment_forest.CommentForest object at 0x7fcfae93ef60>,opuntialantana,0,12,14,False,weddingplanning,May 2019 | ATX,1536097394.0,9d01ai,"We've been waffling back and forth on whether to have a photo booth at our wedding. I do really love that a photo booth would allow us to get more photos of our guests than we're likely to get from just our professional photographers, and I can also see how they can be a fun interactive element of a reception (especially for people who aren't into dancing). But FH and I are both pretty turned off by the standard kitschy photo booth props. They feel played out and those kinds of pictures aren't really our thing. We could maybe come up with a few fun props that suit our wedding vibes (like flower crowns or giant paper flowers since the wedding is at a wildflower center, maybe some paper cutouts of our cats) but we really don't want the usual over-sized glasses, costume hats, and feather boas. Do you think it would be lame to have a photo booth without those props or with a limited selection of not-very-kooky props? Would people still have fun with it? I need some honest opinions!"
76,Azazie mishap...,<praw.models.comment_forest.CommentForest object at 0x7fcfae96de48>,RonnyTwoShoes,0,6,7,False,weddingplanning,"October 13th, 2018!!",1536109433.0,9d1k6x,"We ordered our three bridesmaid dresses from Azazie and I ordered them two inches bigger than the girls' measurements because reviews said they come exactly to your measurements so add ease in. They are custom sizes, so they aren't returnable now that we got them and it turns out they are 2"" too big on all the girls. One of my ladies brought her dress to a tailor's (our first plan of attack) and they said it was 4 sizes too big and it would cost over $100 to tailor it down, which is more than we paid for the dress. I'm thinking we'll just have to eat the cost of the three dresses and buy new ones, since tailoring doesn't seem like our best option. Any other ideas? I'm kicking myself for buying them too big, but it was based off other people's reviews and we thought too big was better than too small... Maybe I can sell them somewhere to make back some of the costs? At least this is the first thing that's gone ""wrong"" with our wedding planning so far! \*knock on wood!!\* "
77,Rant: Guest RSVP'd for uninvited child,<praw.models.comment_forest.CommentForest object at 0x7fcfb36be400>,weddingthrowaway1000,0,17,10,False,weddingplanning,,1536101191.0,9d0j8f,"A couple who I'm close friends with RSVP'd to my wedding, which is on Sept 22. The deadline to RSVP was Aug 15. On Sunday, they RSVP'd for their young child to attend as well. The invite was addressed to the couple only (Mr. & Mrs. X). We did online RSVPs and I guess I should have disabled that option after the deadline, but it didn't occur to me that anyone would try to do this (I guess lesson learned for anyone reading this). I only noticed it today when I checked my email and saw the reservation notification.

The only children we invited to our wedding are my brother's, because he and his wife are traveling from out of town and have two very young children they don't want to leave behind. (This couple lives in the same town as the wedding, if it matters.) No other guests are bringing children. It will not be a particularly child-friendly event (lots of alcohol and lots of wild dancing is the vibe we're going for). 

I've known this couple for a very long time and they are wonderful people. I'm so shocked that they would do something so rude (or not know that what they did is rude?) and I'm now really upset that I'm going to have to make a super awkward phone call to tell them that their child can't come. I'm worried that this could damage my relationship with these people, but I did not budget or plan for their child to attend. On the other hand, I feel like maybe I'm over-reacting due to wedding stress, because I'm so upset by this and maybe I shouldn't be. 

Am I over-reacting? Has anyone had to handle a similar situation? How did it go? "
78,Engagement Party Etiquette,<praw.models.comment_forest.CommentForest object at 0x7fcfb362a8d0>,ChickenLovesCat,0,12,5,False,weddingplanning,,1536111113.0,9d1rig,"So my parents would love to throw FH and I an engagement party at their home. We are having a smallish (70 person) wedding, and in an ideal world, I would love the engagement party to be a chance to celebrate with people we can't invite to the wedding (family friends, friends of my parents I am not super close with, etc). 

Is there a polite way to do this? The last thing I want is for it to feel like a money grab. Perhaps if the invite came from my parents and included something that said ""no gifts""?

Is there a way to do this that might let people know that we can't invite them to the wedding, but it's still important that thy can celebrate with us in any way? I would hate to have to converse with someone asking me when their invite will come when they aren't on the guest list. 

&#x200B;"
79,Bachelorette Party Help,<praw.models.comment_forest.CommentForest object at 0x7fcfae97c9e8>,Velma52189,0,4,6,False,weddingplanning,,1536114657.0,9d272o,"Hey guys! Posting on mobile, so sorry for formatting. Not the bride, but MOH. The bachelorette party is next week in New Orleans. Now, I have never been to one before, neither has the bride, so that kind of helps with expectations in that she doesn't have anything to compare it to. It's a small group, just four girls total. So far I got decorations and custom shirts. I think I'm looking for advice on games to play, places in French Quarter to put on the party list, a nice restaurant to eat at. Any bachelorette party advice is appreciated!"
80,What did you take to the venue in your personal bag?,<praw.models.comment_forest.CommentForest object at 0x7fcfae9a87f0>,Shmallygirl,0,9,12,False,weddingplanning,,1536100735.0,9d0h65,"Ok makeup, change of shoes, jewelry, wallet, other than decorations, what did you pack in your bag to take to the venue for just you? I‚Äôm having a hard time thinking about what I will need...."
81,Family friend asked if my fianc√© is an orphan when we showed her our invitations - do I have to include my fianc√©'s parent's names in the formal invitation if they are not contributing to the wedding?,<praw.models.comment_forest.CommentForest object at 0x7fcfb3602550>,youngsailor,0,17,15,False,weddingplanning,Dallas Feb. 2019,1536092688.0,9czdhy,"Formal invitation reads:
""MR. & MRS. JOHN SNOW
request the honour of your presence
at the nuptial mass of ....""

(Mr. & Mrs. John Snow being my parents).. Any reason we need to include my groom's parent's names in this? They are not contributing financially to anything for the wedding and are in no way hosting this event. They are, however, 100% hosting the rehearsal dinner. Similarly, the rehearsal dinner invitation will only have their names as they are the hosts. Is this correct etiquette? Love my family friend's parent who made this silly comment - she was mother of the groom in a recent wedding, however, contributed 20K to their affair. I understand why this would be different if we were paying for the wedding ourselves, or if both sets of parents were helping, but my parent's are paying for all of it. Thanks for any and all advice!
"
82,"I should‚Äôve expected it from all the posts here - I got exactly what I wasn‚Äôt expecting, but I feel like a princess!",<praw.models.comment_forest.CommentForest object at 0x7fcfb692df98>,Baxter_YourChinaDoll,0,5,25,False,weddingplanning,"08/17/2019 | Madison, WI",1536083397.0,9cy0jf,
83,Yesterday I married my best friend underneath the arbor my dad built and with a view of the mountain we both grew up together on! Everything was PERFECT! üòçüéâüíóü•Ç,<praw.models.comment_forest.CommentForest object at 0x7fcfb6912e48>,hollyisspesh,0,8,154,False,weddingplanning,,1536043660.0,9ct6v4,
84,How much is a dj?,<praw.models.comment_forest.CommentForest object at 0x7fcfb692de48>,jjv77,0,15,3,False,weddingplanning,,1536120645.0,9d2wrp,"I got quoted from two, $1000 and $850
For 1 hour ceremony and 5 hours reception.
My wedding is in August 2019"
85,Bridals or No Bridals,<praw.models.comment_forest.CommentForest object at 0x7fcfae93ea58>,coulcobu,0,11,4,False,weddingplanning,,1536114879.0,9d284u,"I am trying to decide whether or not bridals are worth the money! Essentially, my photographer offered to knock $250 off the price of my upcoming November wedding if we don‚Äôt schedule bridals. We‚Äôre getting to the end of a tight budget so it would help but I‚Äôm so torn! We‚Äôre your bridal pictures worth it? Did you get enough pictures of yourself the actual day of the wedding? Please send pros/cons and pictures to help me decide! "
86,CC needed - help me with my post wedding brunch invite wording,<praw.models.comment_forest.CommentForest object at 0x7fcfb6912d30>,Essie888,0,7,6,False,weddingplanning,6.29.2019.Massachusetts,1536106828.0,9d18sp,
87,Finally able to post my dress!,<praw.models.comment_forest.CommentForest object at 0x7fcfae8f9978>,virally_infectious,0,12,400,False,weddingplanning,September 1 Melbourne,1536024356.0,9cr6ml,
88,Best picture from our first dance,<praw.models.comment_forest.CommentForest object at 0x7fcfb68fb898>,queencatmother,0,5,32,False,weddingplanning,,1536073189.0,9cwdvh,
89,To have a bridal shower or not?,<praw.models.comment_forest.CommentForest object at 0x7fcfb8805ef0>,hannibal_cannibal,0,9,6,False,weddingplanning,,1536105812.0,9d142b,"Hey everyone! Im still trying to decide on whether or not to have a bridal shower and wanted to hear from y'all about your feelings on the pros/cons of bridal showers. 
All of my bridesmaids are scattered throughout the country; only 2 out of my 7 bridesmaids live in the same city as me. I feel weird asking all of my bridal party to fly down for a bridal shower in addition to flying to my city for the wedding itself and another one for the bachelorette. My MOH approached my mom about wedding shower planning and my mom already feels ""overwhelmed"" and will need help from other family members so I'm worried it'll just be a lot of hassle and don't really see the point of having a shower. Any thoughts/opinions are welcome! Thanks!"
90,"I‚Äôm thinking of making this my wedding day makeup! I need to add foundation and I‚Äôm doing eyelashes, but I like the simple eyeliner and red lips! Thoughts?!",<praw.models.comment_forest.CommentForest object at 0x7fcfb8807e48>,sophtsocks,0,17,42,False,weddingplanning,,1536068268.0,9cvoe3,
91,Nerdy wedding favor help.,<praw.models.comment_forest.CommentForest object at 0x7fcfb690d588>,FantaSciFile,0,8,4,False,weddingplanning,,1536113222.0,9d20qj,My fianc√© and I would like to have personalized resin 20 sided dice (D-20‚Äôs) as wedding favors. Does anybody have any recommendations or suggestions on where to order them? Looking to keep it on the cheaper side. Would need about 100-150 of them. 
92,How should I do my hair? I have a simple floral crown.,<praw.models.comment_forest.CommentForest object at 0x7fcfb3602d68>,PloupPloup83,0,6,11,False,weddingplanning,,1536095107.0,9czpu3,
93,What song did you walk down the aisle to? Looking for ideas!,<praw.models.comment_forest.CommentForest object at 0x7fcfb690f588>,captainkitty8140,0,18,3,False,weddingplanning,,1536118458.0,9d2oa7,
94,So last night I really classed it up,<praw.models.comment_forest.CommentForest object at 0x7fcfb3761fd0>,lezdoit1331,0,20,233,False,weddingplanning,,1536032962.0,9cs5mk,
95,Did you walk down the isle alone even though you have a good relationship with your dad/parent?,<praw.models.comment_forest.CommentForest object at 0x7fcfb68fb710>,Rigma_Roll,0,24,11,False,weddingplanning,,1536092064.0,9cza6m,"Did you regret it later? I've been wrestling with this for the WHOLE 5 months I've been engaged... I still have a year to make this decision but... I can't decide whether I want to walk down alone or with my dad.  


I have a solid relationship with my dad. He's not perfect, neither am I, but we love each other and have a good connection. I feel like when I was a little girl and imagined that moment it would be with my dad walking me down. As I grew older and had friends whose fathers passed away, them missing out on that moment always came up in discussion.  


However, as I grow into my own person, learning about the unpleasant histories of marriage and how the father was basically handing off property to this other man.. As well as just generally being very independent...  Walking down alone feels more appropriate for me.  


But it would be nice to thank my dad in this way... but what about my mom? How is that fair? I know he'd support whatever I decided and would be perfectly content to not have to parade himself in front of damn near 200 people... But am I going to regret not sharing that moment with him.... GAH!"
96,"Hey Weddit! This is my first post, just wanted to share with you my wedding dress.",<praw.models.comment_forest.CommentForest object at 0x7fcfb88126a0>,KatvanG,0,35,1297,False,weddingplanning,,1535998945.0,9cnutg,
97,I think I found the one!!,<praw.models.comment_forest.CommentForest object at 0x7fcfb374d3c8>,lilsebastian047,0,9,370,False,weddingplanning,,1536023332.0,9cr23v,
98,I‚Äôm going to the boutique tomorrow to officially order my wedding dress!! I‚Äôve been thinking about it non-stop since I tried it on.,<praw.models.comment_forest.CommentForest object at 0x7fcfb3761dd8>,weddingthrowaway112,0,9,296,False,weddingplanning,,1536024312.0,9cr6fk,
99,Our photographer is editing our photos and shared this very raw moment between my dad and I. 6.14.18,<praw.models.comment_forest.CommentForest object at 0x7fcfb374a978>,Love_and_Light,0,5,309,False,weddingplanning,,1536022743.0,9cqzdw,
